attestation_id,year,date,period,brand_or_category,city,province,corridor,source_type,source_name,source_url,attestation_type,text_for_scoring,confidence,notes,source_id,verification_level,region,original_text,dish_marker,taiwan_marker,ownership_category,capital_origin,source_url_or_archive_ref,dedupe_key,merged_from_attestation_ids,merged_row_count
BATCH_S_001,1982,1982-01-01,1946-1987_taiwan_side_formation,豐源上好吃牛肉麵,Tainan,Taiwan,Taiwan-side,public_web_profile,喵爸的部落格,https://wasai117.pixnet.net/blog/post/564887510,source_artifact_profile,豐源上好吃牛肉麵創立於1982年，在台南開店已四十年，菜單另有肉燥飯、水餃及小菜。,medium,Fifty-record top-up batch S; 200-row harvesting round checkpoint 1/4; source/date/brand key screened; not marker-split.,SRC_BATCH_S_001,probable,Taiwan-side,豐源上好吃牛肉麵創立於1982年，在台南開店已四十年，菜單另有肉燥飯、水餃及小菜。,肉燥飯;牛肉麵,Taiwan,,,https://wasai117.pixnet.net/blog/post/564887510,8b42492fec367553,BATCH_S_001,1
BATCH_S_002,1978,1978-01-01,1946-1987_taiwan_side_formation,清根魚湯,Tainan,Taiwan,Taiwan-side,public_web_profile,WalkerLand 樂天小高,https://www.walkerland.com.tw/article/view/167134,source_artifact_profile,清根魚湯創立於1978年1月1日，牆面菜單有肉燥飯、魚酥肉飯、香菇肉飯與各式魚料理。,medium,Fifty-record top-up batch S; 200-row harvesting round checkpoint 1/4; source/date/brand key screened; not marker-split.,SRC_BATCH_S_002,probable,Taiwan-side,清根魚湯創立於1978年1月1日，牆面菜單有肉燥飯、魚酥肉飯、香菇肉飯與各式魚料理。,肉燥飯;魚湯,Taiwan,,,https://www.walkerland.com.tw/article/view/167134,668b83e82294df40,BATCH_S_002,1
BATCH_S_003,1978,1978-01-01,1946-1987_taiwan_side_formation,阿江鱔魚意麵,Tainan,Taiwan,Taiwan-side,public_web_profile,FonFood store profile,https://www.fonfood.com/store/159241,source_artifact_profile,阿江鱔魚意麵創立於1978年，以獨特醬汁炒鱔魚聞名，菜單列鱔魚意麵與肉燥飯。,medium,Fifty-record top-up batch S; 200-row harvesting round checkpoint 1/4; source/date/brand key screened; not marker-split.,SRC_BATCH_S_003,probable,Taiwan-side,阿江鱔魚意麵創立於1978年，以獨特醬汁炒鱔魚聞名，菜單列鱔魚意麵與肉燥飯。,肉燥飯;鱔魚意麵,Taiwan,,,https://www.fonfood.com/store/159241,3c81b3baa1d1ee3a,BATCH_S_003,1
BATCH_S_004,1980,1980-01-01,1946-1987_taiwan_side_formation,古都碗粿榕樹下,Tainan,Taiwan,Taiwan-side,public_web_profile,WalkerLand 樂天小高,https://www.walkerland.com.tw/article/view/102980,source_artifact_profile,榕樹下旁的古都碗粿創立於1980年，文中記錄肉燥飯與碗粿餐點。,medium,Fifty-record top-up batch S; 200-row harvesting round checkpoint 1/4; source/date/brand key screened; not marker-split.,SRC_BATCH_S_004,probable,Taiwan-side,榕樹下旁的古都碗粿創立於1980年，文中記錄肉燥飯與碗粿餐點。,肉燥飯;碗粿,Taiwan,,,https://www.walkerland.com.tw/article/view/102980,f148df6dc1aa8ab5,BATCH_S_004,1
BATCH_S_005,1980,1980-01-01,1946-1987_taiwan_side_formation,古都碗粿東門總店,Tainan,Taiwan,Taiwan-side,public_web_profile,WalkerLand 樂天小高,https://www.walkerland.com.tw/article/view/104674,source_artifact_profile,古都碗粿東門總店由曾煥祥夫婦創立於1980年，菜單有肉燥飯。,medium,Fifty-record top-up batch S; 200-row harvesting round checkpoint 1/4; source/date/brand key screened; not marker-split.,SRC_BATCH_S_005,probable,Taiwan-side,古都碗粿東門總店由曾煥祥夫婦創立於1980年，菜單有肉燥飯。,肉燥飯;碗粿,Taiwan,,,https://www.walkerland.com.tw/article/view/104674,150aa847dbb2d3e6,BATCH_S_005,1
BATCH_S_006,1982,1982-01-01,1946-1987_taiwan_side_formation,台南紅燒浮水花枝羹,Tainan,Taiwan,Taiwan-side,public_web_profile,饗食客棧,https://i17fun.tw/braised-floating-flower-branch-soup/,source_artifact_profile,台南紅燒浮水花枝羹創立於1982年台南文賢路，菜單包含肉燥飯。,medium,Fifty-record top-up batch S; 200-row harvesting round checkpoint 1/4; source/date/brand key screened; not marker-split.,SRC_BATCH_S_006,probable,Taiwan-side,台南紅燒浮水花枝羹創立於1982年台南文賢路，菜單包含肉燥飯。,肉燥飯;花枝羹,Taiwan,,,https://i17fun.tw/braised-floating-flower-branch-soup/,92bad63b2b3d9fad,BATCH_S_006,1
BATCH_S_007,1936,1936-01-01,1940-1945_late_colonial_food_order,榮盛米糕,Tainan,Taiwan,Taiwan-side,municipal_profile,Tainan Tourism,https://www.twtainan.net/only-for-member/zh-tw/shop/consume/1118,source_artifact_profile,榮盛米糕第一代郭老得於昭和十一年進駐設攤賣米糕，米糕配料採用自製肉燥、魚鬆、蔥、蒜。,medium,Fifty-record top-up batch S; 200-row harvesting round checkpoint 1/4; source/date/brand key screened; not marker-split.,SRC_BATCH_S_007,probable,Taiwan-side,榮盛米糕第一代郭老得於昭和十一年進駐設攤賣米糕，米糕配料採用自製肉燥、魚鬆、蔥、蒜。,米糕;肉燥,Taiwan,,,https://www.twtainan.net/only-for-member/zh-tw/shop/consume/1118,1fb5c8b837c96ccf,BATCH_S_007,1
BATCH_S_008,1946,1946-01-01,1946-1987_taiwan_side_formation,老江紅茶牛奶,Kaohsiung,Taiwan,Taiwan-side,municipal_profile,Kaohsiung Travel old taste zone,https://khh.travel/zh-tw/event/news/4784/,source_artifact_profile,老江紅茶牛奶於戰後早期在高雄形成早餐茶飲與小吃記憶。,medium,Fifty-record top-up batch S; 200-row harvesting round checkpoint 1/4; source/date/brand key screened; not marker-split.,SRC_BATCH_S_008,probable,Taiwan-side,老江紅茶牛奶於戰後早期在高雄形成早餐茶飲與小吃記憶。,紅茶牛奶;早餐,Taiwan,,,https://khh.travel/zh-tw/event/news/4784/,86ef91a5ef6263ba,BATCH_S_008,1
BATCH_S_009,1954,1954-01-01,1946-1987_taiwan_side_formation,曾家古早味挫冰 corroboration,Kaohsiung,Taiwan,Taiwan-side,municipal_profile,Kaohsiung Travel old taste zone,https://khh.travel/zh-tw/event/news/4784/,source_artifact_profile,曾家古早味剉冰民國43年創立，在地老店持續供應古早味冰品。,medium,Fifty-record top-up batch S; 200-row harvesting round checkpoint 1/4; source/date/brand key screened; not marker-split.,SRC_BATCH_S_009,probable,Taiwan-side,曾家古早味剉冰民國43年創立，在地老店持續供應古早味冰品。,挫冰,Taiwan,,,https://khh.travel/zh-tw/event/news/4784/,a074b17b81c93557,BATCH_S_009,1
BATCH_S_010,1951,1951-01-01,1946-1987_taiwan_side_formation,蘇家鹽水鴨 corroboration,Kaohsiung,Taiwan,Taiwan-side,municipal_profile,Kaohsiung Travel old taste zone,https://khh.travel/zh-tw/event/news/4784/,source_artifact_profile,蘇家鹽水鴨起源於左營眷村脈絡，是高雄老味食物記憶的一部分。,medium,Fifty-record top-up batch S; 200-row harvesting round checkpoint 1/4; source/date/brand key screened; not marker-split.,SRC_BATCH_S_010,probable,Taiwan-side,蘇家鹽水鴨起源於左營眷村脈絡，是高雄老味食物記憶的一部分。,鹽水鴨,Taiwan,,,https://khh.travel/zh-tw/event/news/4784/,180d1a078870e5a5,BATCH_S_010,1
BATCH_S_011,1961,1961-01-01,1946-1987_taiwan_side_formation,保安路米糕 official secondary source,Tainan,Taiwan,Taiwan-side,municipal_profile,Tainan Tourism alternate canonical URL,https://twtainan.net/zh-tw/shop/consume/1499/,source_artifact_profile,保安路米糕起源於民國50年，米糕堅持傳統作法，口味有肉燥香與魚脯。,medium,Fifty-record top-up batch S; 200-row harvesting round checkpoint 1/4; source/date/brand key screened; not marker-split.,SRC_BATCH_S_011,probable,Taiwan-side,保安路米糕起源於民國50年，米糕堅持傳統作法，口味有肉燥香與魚脯。,米糕;肉燥,Taiwan,,,https://twtainan.net/zh-tw/shop/consume/1499/,d1aeefcb716ea9fd,BATCH_S_011,1
BATCH_S_012,1952,1952-01-01,1946-1987_taiwan_side_formation,小南碗粿 official historical profile,Tainan,Taiwan,Taiwan-side,municipal_profile,Tainan Tourism alternate canonical URL,https://twtainan.net/zh-tw/shop/consume/1077/,source_artifact_profile,小南碗粿由第一代鄭振富於民國四十一年開設，南部碗粿多有爆香油蔥與肉燥。,medium,Fifty-record top-up batch S; 200-row harvesting round checkpoint 1/4; source/date/brand key screened; not marker-split.,SRC_BATCH_S_012,probable,Taiwan-side,小南碗粿由第一代鄭振富於民國四十一年開設，南部碗粿多有爆香油蔥與肉燥。,碗粿;肉燥,Taiwan,,,https://twtainan.net/zh-tw/shop/consume/1077/,5b15387c362377d9,BATCH_S_012,1
BATCH_S_013,2017,2017-08-31,2014-2020_pre_wanghong_platformization,清根魚湯 Walker article capture,Tainan,Taiwan,Taiwan-side,public_web_profile,樂天小高 pixnet mirror,https://ku5553221.pixnet.net/blog/posts/12217862445,source_artifact_profile,清根魚湯文章記錄創立於1978年1月1日，菜單有肉燥飯、魚酥肉飯、香菇肉飯。,medium,Fifty-record top-up batch S; 200-row harvesting round checkpoint 1/4; source/date/brand key screened; not marker-split.,SRC_BATCH_S_013,probable,Taiwan-side,清根魚湯文章記錄創立於1978年1月1日，菜單有肉燥飯、魚酥肉飯、香菇肉飯。,肉燥飯;魚湯,Taiwan,,,https://ku5553221.pixnet.net/blog/posts/12217862445,30fe8b1f3a210c27,BATCH_S_013,1
BATCH_S_014,2016,2016-02-27,2014-2020_pre_wanghong_platformization,古都碗粿東門 pixnet article,Tainan,Taiwan,Taiwan-side,public_web_profile,樂天小高 pixnet mirror,https://ku5553221.pixnet.net/blog/posts/12191882467,source_artifact_profile,古都碗粿東門總店文章記錄創立於1980年，由曾煥祥夫婦創立，供應肉燥飯。,medium,Fifty-record top-up batch S; 200-row harvesting round checkpoint 1/4; source/date/brand key screened; not marker-split.,SRC_BATCH_S_014,probable,Taiwan-side,古都碗粿東門總店文章記錄創立於1980年，由曾煥祥夫婦創立，供應肉燥飯。,肉燥飯;碗粿,Taiwan,,,https://ku5553221.pixnet.net/blog/posts/12191882467,f8ff8271b4e49014,BATCH_S_014,1
BATCH_S_015,2016,2016-02-06,2014-2020_pre_wanghong_platformization,古都碗粿榕樹下 pixnet article,Tainan,Taiwan,Taiwan-side,public_web_profile,樂天小高 pixnet mirror,https://ku5553221.pixnet.net/blog/posts/12188941657,source_artifact_profile,榕樹下古都碗粿文章記錄創立於1980年，並描述肉燥飯。,medium,Fifty-record top-up batch S; 200-row harvesting round checkpoint 1/4; source/date/brand key screened; not marker-split.,SRC_BATCH_S_015,probable,Taiwan-side,榕樹下古都碗粿文章記錄創立於1980年，並描述肉燥飯。,肉燥飯;碗粿,Taiwan,,,https://ku5553221.pixnet.net/blog/posts/12188941657,af6553635443993d,BATCH_S_015,1
BATCH_S_016,1971,1971-11-19,1946-1987_taiwan_side_formation,First genuine Taiwan restaurant review,Singapore,,Singapore,newspaper_archive,NewspaperSG / NLB,https://eresources.nlb.gov.sg/newspapers/digitised/issue/newnation19711119-1,newspaper_ad_or_article,"New Nation eating-out review says the first restaurant serving genuine Taiwan food offered juicy pork, creamy porridge and oysters.",medium,Fifty-record top-up batch S; 200-row harvesting round checkpoint 1/4; source/date/brand key screened; not marker-split.,SRC_BATCH_S_016,probable,Singapore,"New Nation eating-out review says the first restaurant serving genuine Taiwan food offered juicy pork, creamy porridge and oysters.",Taiwanese food;porridge;oysters,Taiwan,,,https://eresources.nlb.gov.sg/newspapers/digitised/issue/newnation19711119-1,b029225b1f079aab,BATCH_S_016,1
BATCH_S_017,1983,1983-07-30,1946-1987_taiwan_side_formation,Hai Guo Restaurant Taiwan Porridge ad alternate,Singapore,,Singapore,newspaper_archive,NewspaperSG / NLB,https://eresources.nlb.gov.sg/newspapers/Digitised/Issue/straitstimes19830730-1,newspaper_ad_or_article,"Straits Times advertisement lists singers from Taiwan and food options including bak kut teh, seafood, tim sum, steamboat and Taiwan porridge.",medium,Fifty-record top-up batch S; 200-row harvesting round checkpoint 1/4; source/date/brand key screened; not marker-split.,SRC_BATCH_S_017,probable,Singapore,"Straits Times advertisement lists singers from Taiwan and food options including bak kut teh, seafood, tim sum, steamboat and Taiwan porridge.",Taiwan porridge;steamboat,Taiwan,,,https://eresources.nlb.gov.sg/newspapers/Digitised/Issue/straitstimes19830730-1,969905ad0b8cd91d,BATCH_S_017,1
BATCH_S_018,1984,1984-01-13,1946-1987_taiwan_side_formation,Goldleaf Restaurant jumbo clam Taiwan food ad,Singapore,,Singapore,newspaper_archive,NewspaperSG / NLB,https://eresources.nlb.gov.sg/newspapers/digitised/issue/straitstimes19840113-1,newspaper_ad_or_article,Straits Times eating-out advertisement names Goldleaf Restaurant in a restaurant guide context tied to Taiwanese dining.,medium,Fifty-record top-up batch S; 200-row harvesting round checkpoint 1/4; source/date/brand key screened; not marker-split.,SRC_BATCH_S_018,probable,Singapore,Straits Times eating-out advertisement names Goldleaf Restaurant in a restaurant guide context tied to Taiwanese dining.,Taiwanese restaurant;Goldleaf,Taiwan,,,https://eresources.nlb.gov.sg/newspapers/digitised/issue/straitstimes19840113-1,5b2ad66defaca890,BATCH_S_018,1
BATCH_S_019,1984,1984-11-10,1946-1987_taiwan_side_formation,Goldleaf double celebration notice,Singapore,,Singapore,newspaper_archive,NewspaperSG / NLB,https://eresources.nlb.gov.sg/newspapers/digitised/issue/singmonitor19841110-1,newspaper_ad_or_article,Singapore Monitor notice from Goldleaf Restaurant marks the restaurant company as an active food business in 1984.,medium,Fifty-record top-up batch S; 200-row harvesting round checkpoint 1/4; source/date/brand key screened; not marker-split.,SRC_BATCH_S_019,probable,Singapore,Singapore Monitor notice from Goldleaf Restaurant marks the restaurant company as an active food business in 1984.,Taiwanese restaurant;Goldleaf,Taiwan,,,https://eresources.nlb.gov.sg/newspapers/digitised/issue/singmonitor19841110-1,f63f2c7c9ff23836,BATCH_S_019,1
BATCH_S_020,1985,1985-04-15,1946-1987_taiwan_side_formation,Goodwood Park Traditional Taiwan Porridge April 1985,Singapore,,Singapore,newspaper_archive,NewspaperSG / NLB,https://eresources.nlb.gov.sg/newspapers/digitised/issue/singmonitor19850415-2,newspaper_ad_or_article,Singapore Monitor advertisement says lovers of true Taiwan porridge can enjoy traditional favourites at Goodwood Park Coffee Lounge.,medium,Fifty-record top-up batch S; 200-row harvesting round checkpoint 1/4; source/date/brand key screened; not marker-split.,SRC_BATCH_S_020,probable,Singapore,Singapore Monitor advertisement says lovers of true Taiwan porridge can enjoy traditional favourites at Goodwood Park Coffee Lounge.,Taiwan porridge,Taiwan,,,https://eresources.nlb.gov.sg/newspapers/digitised/issue/singmonitor19850415-2,912d34d05b3b0d66,BATCH_S_020,1
BATCH_S_021,1986,1986-03-16,1946-1987_taiwan_side_formation,Taiwan porridge or songbird food column,Singapore,,Singapore,newspaper_archive,NewspaperSG / NLB,https://eresources.nlb.gov.sg/newspapers/Digitised/Issue/straitstimes19860316-1,newspaper_ad_or_article,Straits Times food column asks about Taiwan porridge or the Taiwan songbird and discusses local search for Taiwan-linked food.,medium,Fifty-record top-up batch S; 200-row harvesting round checkpoint 1/4; source/date/brand key screened; not marker-split.,SRC_BATCH_S_021,probable,Singapore,Straits Times food column asks about Taiwan porridge or the Taiwan songbird and discusses local search for Taiwan-linked food.,Taiwan porridge;tai sa piah,Taiwan,,,https://eresources.nlb.gov.sg/newspapers/Digitised/Issue/straitstimes19860316-1,a8401e9a50454a3f,BATCH_S_021,1
BATCH_S_022,1988,1988-07-27,1987-2015_cross_strait_diffusion,New Paper Taiwan restaurant review,Singapore,,Singapore,newspaper_archive,NewspaperSG / NLB,https://eresources.nlb.gov.sg/newspapers/digitised/issue/newpaper19880727-1,newspaper_ad_or_article,New Paper restaurant review says eating in a Taiwan restaurant carried expectations around Taiwanese food authenticity.,medium,Fifty-record top-up batch S; 200-row harvesting round checkpoint 1/4; source/date/brand key screened; not marker-split.,SRC_BATCH_S_022,probable,Singapore,New Paper restaurant review says eating in a Taiwan restaurant carried expectations around Taiwanese food authenticity.,Taiwan restaurant,Taiwan,,,https://eresources.nlb.gov.sg/newspapers/digitised/issue/newpaper19880727-1,ffe999ddc4bd585d,BATCH_S_022,1
BATCH_S_023,1989,1989-02-03,1987-2015_cross_strait_diffusion,Goldleaf Rasa Sayang Taiwanese food ad,Singapore,,Singapore,newspaper_archive,NewspaperSG / NLB,https://eresources.nlb.gov.sg/newspapers/digitised/issue/straitstimes19890203-1,newspaper_ad_or_article,Straits Times advertisement calls Goldleaf Rasa Sayang a restaurant renowned for fine Taiwanese food.,medium,Fifty-record top-up batch S; 200-row harvesting round checkpoint 1/4; source/date/brand key screened; not marker-split.,SRC_BATCH_S_023,probable,Singapore,Straits Times advertisement calls Goldleaf Rasa Sayang a restaurant renowned for fine Taiwanese food.,Taiwanese food;Goldleaf,Taiwan,,,https://eresources.nlb.gov.sg/newspapers/digitised/issue/straitstimes19890203-1,74a49530ede5f39f,BATCH_S_023,1
BATCH_S_024,1989,1989-11-20,1987-2015_cross_strait_diffusion,Goldleaf Dragon Valley Taiwan Porridge ad,Singapore,,Singapore,newspaper_archive,NewspaperSG / NLB,https://eresources.nlb.gov.sg/newspapers/digitised/issue/straitstimes19891120-1,newspaper_ad_or_article,Straits Times advertisement lists Goldleaf Dragon Valley Seafood Restaurant with Hong Kong Dian Kin Taiwan Porridge Restaurant special offer.,medium,Fifty-record top-up batch S; 200-row harvesting round checkpoint 1/4; source/date/brand key screened; not marker-split.,SRC_BATCH_S_024,probable,Singapore,Straits Times advertisement lists Goldleaf Dragon Valley Seafood Restaurant with Hong Kong Dian Kin Taiwan Porridge Restaurant special offer.,Taiwan porridge;Goldleaf,Taiwan,,,https://eresources.nlb.gov.sg/newspapers/digitised/issue/straitstimes19891120-1,93647b81248c5fe1,BATCH_S_024,1
BATCH_S_025,1993,1993-08-23,1987-2015_cross_strait_diffusion,Goldleaf ever popular Taiwanese Porridge Restaurant,Singapore,,Singapore,newspaper_archive,NewspaperSG / NLB,https://eresources.nlb.gov.sg/newspapers/digitised/issue/newpaper19930823-1,newspaper_ad_or_article,New Paper advertisement names Goldleaf as the ever popular Taiwanese Porridge Restaurant.,medium,Fifty-record top-up batch S; 200-row harvesting round checkpoint 1/4; source/date/brand key screened; not marker-split.,SRC_BATCH_S_025,probable,Singapore,New Paper advertisement names Goldleaf as the ever popular Taiwanese Porridge Restaurant.,Taiwanese porridge;Goldleaf,Taiwan,,,https://eresources.nlb.gov.sg/newspapers/digitised/issue/newpaper19930823-1,58d1fda73c59466b,BATCH_S_025,1
BATCH_S_026,1994,1994-02-21,1987-2015_cross_strait_diffusion,Goldleaf home-cooked dishes ad,Singapore,,Singapore,newspaper_archive,NewspaperSG / NLB,https://eresources.nlb.gov.sg/newspapers/digitised/issue/newpaper19940221-1,newspaper_ad_or_article,"New Paper advertisement says a great array of home-cooked dishes awaits at Goldleaf, continuing its Taiwan restaurant profile.",medium,Fifty-record top-up batch S; 200-row harvesting round checkpoint 1/4; source/date/brand key screened; not marker-split.,SRC_BATCH_S_026,probable,Singapore,"New Paper advertisement says a great array of home-cooked dishes awaits at Goldleaf, continuing its Taiwan restaurant profile.",Taiwanese restaurant;home-cooked dishes,Taiwan,,,https://eresources.nlb.gov.sg/newspapers/digitised/issue/newpaper19940221-1,923fa6a9aa35cd0c,BATCH_S_026,1
BATCH_S_027,1994,1994-07-20,1987-2015_cross_strait_diffusion,Stevens Corner Taiwanese Breakfast dawn to dusk,Singapore,,Singapore,newspaper_archive,NewspaperSG / NLB,https://eresources.nlb.gov.sg/newspapers/digitised/issue/newpaper19940720-1,newspaper_ad_or_article,New Paper advertisement for Stevens Corner says Taiwanese Breakfast is available from dawn to dusk.,medium,Fifty-record top-up batch S; 200-row harvesting round checkpoint 1/4; source/date/brand key screened; not marker-split.,SRC_BATCH_S_027,probable,Singapore,New Paper advertisement for Stevens Corner says Taiwanese Breakfast is available from dawn to dusk.,Taiwanese breakfast,Taiwan,,,https://eresources.nlb.gov.sg/newspapers/digitised/issue/newpaper19940720-1,55a73e82cb9c1137,BATCH_S_027,1
BATCH_S_028,1995,1995-10-24,1987-2015_cross_strait_diffusion,Goldleaf Taiwan Porridge food trail note,Singapore,,Singapore,newspaper_archive,NewspaperSG / NLB,https://eresources.nlb.gov.sg/newspapers/digitised/issue/newpaper19951024-1,newspaper_ad_or_article,New Paper issue includes Goldleaf in a Taiwan porridge food-trail advertising context.,medium,Fifty-record top-up batch S; 200-row harvesting round checkpoint 1/4; source/date/brand key screened; not marker-split.,SRC_BATCH_S_028,probable,Singapore,New Paper issue includes Goldleaf in a Taiwan porridge food-trail advertising context.,Taiwan porridge;Goldleaf,Taiwan,,,https://eresources.nlb.gov.sg/newspapers/digitised/issue/newpaper19951024-1,308cb4105aeb690a,BATCH_S_028,1
BATCH_S_029,1996,1996-10-03,1987-2015_cross_strait_diffusion,Chef Huang from Taipei Taiwan Porridge,Singapore,,Singapore,newspaper_archive,NewspaperSG / NLB,https://eresources.nlb.gov.sg/newspapers/digitised/issue/newpaper19961003-1,newspaper_ad_or_article,New Paper advertisement says Taiwan Porridge is more authentic with Chef Huang from Taipei and invites readers to savour real Taiwan porridge.,medium,Fifty-record top-up batch S; 200-row harvesting round checkpoint 1/4; source/date/brand key screened; not marker-split.,SRC_BATCH_S_029,probable,Singapore,New Paper advertisement says Taiwan Porridge is more authentic with Chef Huang from Taipei and invites readers to savour real Taiwan porridge.,Taiwan porridge,Taiwan,,,https://eresources.nlb.gov.sg/newspapers/digitised/issue/newpaper19961003-1,5834fcad5e50946a,BATCH_S_029,1
BATCH_S_030,1999,1999-01-15,1987-2015_cross_strait_diffusion,Goldleaf Taiwan Restaurant established 1971,Singapore,,Singapore,newspaper_archive,NewspaperSG / NLB,https://eresources.nlb.gov.sg/newspapers/digitised/issue/newpaper19990115-1,newspaper_ad_or_article,New Paper advertisement names Goldleaf Taiwan Restaurant and says it was established since 1971.,medium,Fifty-record top-up batch S; 200-row harvesting round checkpoint 1/4; source/date/brand key screened; not marker-split.,SRC_BATCH_S_030,probable,Singapore,New Paper advertisement names Goldleaf Taiwan Restaurant and says it was established since 1971.,Taiwan restaurant;Goldleaf,Taiwan,,,https://eresources.nlb.gov.sg/newspapers/digitised/issue/newpaper19990115-1,5d29792360c357f6,BATCH_S_030,1
BATCH_S_031,2003,2003-08-19,1987-2015_cross_strait_diffusion,Former Gold Leaf Taiwan Porridge site streats,Singapore,,Singapore,newspaper_archive,NewspaperSG / NLB,https://eresources.nlb.gov.sg/newspapers/digitised/issue/streats20030819-1,newspaper_ad_or_article,Streats advertisement locates a restaurant at the former Gold Leaf Jin Ye Taiwan Porridge site.,medium,Fifty-record top-up batch S; 200-row harvesting round checkpoint 1/4; source/date/brand key screened; not marker-split.,SRC_BATCH_S_031,probable,Singapore,Streats advertisement locates a restaurant at the former Gold Leaf Jin Ye Taiwan Porridge site.,Taiwan porridge;Gold Leaf,Taiwan,,,https://eresources.nlb.gov.sg/newspapers/digitised/issue/streats20030819-1,6639a0f77416ed7a,BATCH_S_031,1
BATCH_S_032,2008,2008-07-23,1987-2015_cross_strait_diffusion,Taiwan treats come to Bugis,Singapore,,Singapore,newspaper_archive,NewspaperSG / NLB,https://eresources.nlb.gov.sg/newspapers/digitised/issue/newpaper20080723-1,newspaper_ad_or_article,New Paper food guide says Taiwanese food has a hold on visitors and Taiwan treats came to Bugis Junction.,medium,Fifty-record top-up batch S; 200-row harvesting round checkpoint 1/4; source/date/brand key screened; not marker-split.,SRC_BATCH_S_032,probable,Singapore,New Paper food guide says Taiwanese food has a hold on visitors and Taiwan treats came to Bugis Junction.,Taiwanese food;street snacks,Taiwan,,,https://eresources.nlb.gov.sg/newspapers/digitised/issue/newpaper20080723-1,16c86bf7a6272869,BATCH_S_032,1
BATCH_S_033,2008,2008-12-15,1987-2015_cross_strait_diffusion,Guzaoren Taiwan Porridge sweet potato porridge,Singapore,,Singapore,newspaper_archive,NewspaperSG / NLB,https://eresources.nlb.gov.sg/newspapers/digitised/issue/newpaper20081215-1,newspaper_ad_or_article,New Paper advertisement says Guzaoren Taiwan Porridge specialises in sweet potato porridge and side dishes.,medium,Fifty-record top-up batch S; 200-row harvesting round checkpoint 1/4; source/date/brand key screened; not marker-split.,SRC_BATCH_S_033,probable,Singapore,New Paper advertisement says Guzaoren Taiwan Porridge specialises in sweet potato porridge and side dishes.,Taiwan porridge;sweet potato porridge,Taiwan,,,https://eresources.nlb.gov.sg/newspapers/digitised/issue/newpaper20081215-1,d0f00f58dbab64aa,BATCH_S_033,1
BATCH_S_034,2009,2009-04-05,1987-2015_cross_strait_diffusion,Xiao Bar Wang Taiwanese snack stall,Singapore,,Singapore,newspaper_archive,NewspaperSG / NLB,https://eresources.nlb.gov.sg/newspapers/digitised/issue/straitstimes20090405-1,newspaper_ad_or_article,Straits Times article profiles actor Jeff Wang's Xiao Bar Wang Taiwanese food stall selling popular Taiwanese snacks.,medium,Fifty-record top-up batch S; 200-row harvesting round checkpoint 1/4; source/date/brand key screened; not marker-split.,SRC_BATCH_S_034,probable,Singapore,Straits Times article profiles actor Jeff Wang's Xiao Bar Wang Taiwanese food stall selling popular Taiwanese snacks.,Taiwanese snacks;food stall,Taiwan,,,https://eresources.nlb.gov.sg/newspapers/digitised/issue/straitstimes20090405-1,a25a99b3b16a91c7,BATCH_S_034,1
BATCH_S_035,2011,2011-11-13,1987-2015_cross_strait_diffusion,Treats from Taiwan Singapore cafes,Singapore,,Singapore,newspaper_archive,NewspaperSG / NLB,https://eresources.nlb.gov.sg/newspapers/digitised/issue/straitstimes20111113-1,newspaper_ad_or_article,"Straits Times article says more Taiwanese cafes opened to meet Singapore appetite, listing stewed meat rice and Taiwanese snacks.",medium,Fifty-record top-up batch S; 200-row harvesting round checkpoint 1/4; source/date/brand key screened; not marker-split.,SRC_BATCH_S_035,probable,Singapore,"Straits Times article says more Taiwanese cafes opened to meet Singapore appetite, listing stewed meat rice and Taiwanese snacks.",Taiwanese stewed meat rice;Taiwanese snacks,Taiwan,,,https://eresources.nlb.gov.sg/newspapers/digitised/issue/straitstimes20111113-1,246211442af7dc90,BATCH_S_035,1
BATCH_S_036,2013,2013-03-03,1987-2015_cross_strait_diffusion,Cool sweet taste of Taiwan,Singapore,,Singapore,newspaper_archive,NewspaperSG / NLB,https://eresources.nlb.gov.sg/newspapers/digitised/issue/straitstimes20130303-1,newspaper_ad_or_article,"Straits Times article says the latest Taiwanese food fad in Singapore centered on cold desserts, grass jelly and shaved ice.",medium,Fifty-record top-up batch S; 200-row harvesting round checkpoint 1/4; source/date/brand key screened; not marker-split.,SRC_BATCH_S_036,probable,Singapore,"Straits Times article says the latest Taiwanese food fad in Singapore centered on cold desserts, grass jelly and shaved ice.",Taiwanese desserts;grass jelly,Taiwan,,,https://eresources.nlb.gov.sg/newspapers/digitised/issue/straitstimes20130303-1,350783e22563a8e6,BATCH_S_036,1
BATCH_S_037,2014,2014-11-12,1987-2015_cross_strait_diffusion,Missing real Taiwanese delicacies celebrity chow,Singapore,,Singapore,newspaper_archive,NewspaperSG / NLB,https://eresources.nlb.gov.sg/newspapers/digitised/issue/newpaper20141112-1,newspaper_ad_or_article,New Paper celebrity food article discusses authentic Taiwanese food and real Taiwanese delicacies.,medium,Fifty-record top-up batch S; 200-row harvesting round checkpoint 1/4; source/date/brand key screened; not marker-split.,SRC_BATCH_S_037,probable,Singapore,New Paper celebrity food article discusses authentic Taiwanese food and real Taiwanese delicacies.,Taiwanese delicacies,Taiwan,,,https://eresources.nlb.gov.sg/newspapers/digitised/issue/newpaper20141112-1,3080ed13978be184,BATCH_S_037,1
BATCH_S_038,2017,2017-07-16,2014-2020_pre_wanghong_platformization,Bowled over by braised pork rice,Singapore,,Singapore,newspaper_archive,NewspaperSG / NLB,https://eresources.nlb.gov.sg/newspapers/digitised/issue/straitstimes20170716-1,newspaper_ad_or_article,Sunday Times cheap-good column says Taiwanese food crazes passed through Singapore and highlights braised pork rice.,medium,Fifty-record top-up batch S; 200-row harvesting round checkpoint 1/4; source/date/brand key screened; not marker-split.,SRC_BATCH_S_038,probable,Singapore,Sunday Times cheap-good column says Taiwanese food crazes passed through Singapore and highlights braised pork rice.,braised pork rice;Taiwanese food,Taiwan,,,https://eresources.nlb.gov.sg/newspapers/digitised/issue/straitstimes20170716-1,f5a0e4619007a968,BATCH_S_038,1
BATCH_S_039,1991,1991-12-18,1987-2015_cross_strait_diffusion,Taiwanese Breakfast niang dou fu alternate offer,Singapore,,Singapore,newspaper_archive,NewspaperSG / NLB,https://eresources.nlb.gov.sg/newspapers/digitised/issue/biztimes19911218-1,newspaper_ad_or_article,"Business Times advertisement lists Taiwanese Breakfast, niang dou fu lunch and porridge supper.",medium,Fifty-record top-up batch S; 200-row harvesting round checkpoint 1/4; source/date/brand key screened; not marker-split.,SRC_BATCH_S_039,probable,Singapore,"Business Times advertisement lists Taiwanese Breakfast, niang dou fu lunch and porridge supper.",Taiwanese breakfast,Taiwan,,,https://eresources.nlb.gov.sg/newspapers/digitised/issue/biztimes19911218-1,bd1eb0f26ee22204,BATCH_S_039,1
BATCH_S_040,1996,1996-03-08,1987-2015_cross_strait_diffusion,Orchard Hotel Taiwan Porridge Buffet beefsteak,Singapore,,Singapore,newspaper_archive,NewspaperSG / NLB,https://eresources.nlb.gov.sg/newspapers/digitised/issue/biztimes19960308-1,newspaper_ad_or_article,Business Times ad says every table of four having Taiwan Porridge Buffet gets black pepper beefsteak.,medium,Fifty-record top-up batch S; 200-row harvesting round checkpoint 1/4; source/date/brand key screened; not marker-split.,SRC_BATCH_S_040,probable,Singapore,Business Times ad says every table of four having Taiwan Porridge Buffet gets black pepper beefsteak.,Taiwan porridge buffet,Taiwan,,,https://eresources.nlb.gov.sg/newspapers/digitised/issue/biztimes19960308-1,691b7f864424e72b,BATCH_S_040,1
BATCH_S_041,1993,1993-10-01,1987-2015_cross_strait_diffusion,Bali Hut Taiwan Buffet incomparable,Singapore,,Singapore,newspaper_archive,NewspaperSG / NLB,https://eresources.nlb.gov.sg/newspapers/digitised/issue/straitstimes19931001-1,newspaper_ad_or_article,Straits Times advertisement for Bali Hut Taiwan Buffet lists Taiwanese cuisine including Taiwan porridge and braised beef tendon.,medium,Fifty-record top-up batch S; 200-row harvesting round checkpoint 1/4; source/date/brand key screened; not marker-split.,SRC_BATCH_S_041,probable,Singapore,Straits Times advertisement for Bali Hut Taiwan Buffet lists Taiwanese cuisine including Taiwan porridge and braised beef tendon.,Taiwan buffet;Taiwan porridge,Taiwan,,,https://eresources.nlb.gov.sg/newspapers/digitised/issue/straitstimes19931001-1,04d7686e4b8a182f,BATCH_S_041,1
BATCH_S_042,1986,1986-06-04,1946-1987_taiwan_side_formation,Stevens Corner Taiwanese Breakfast early June,Singapore,,Singapore,newspaper_archive,NewspaperSG / NLB,https://eresources.nlb.gov.sg/newspapers/digitised/issue/straitstimes19860604-1,newspaper_ad_or_article,Straits Times issue carries Stevens Corner Taiwanese breakfast advertising context in early June 1986.,medium,Fifty-record top-up batch S; 200-row harvesting round checkpoint 1/4; source/date/brand key screened; not marker-split.,SRC_BATCH_S_042,probable,Singapore,Straits Times issue carries Stevens Corner Taiwanese breakfast advertising context in early June 1986.,Taiwanese breakfast,Taiwan,,,https://eresources.nlb.gov.sg/newspapers/digitised/issue/straitstimes19860604-1,d84519dd0604f295,BATCH_S_042,1
BATCH_S_043,1984,1984-05-22,1946-1987_taiwan_side_formation,Goodwood Taiwan Porridge May 1984,Singapore,,Singapore,newspaper_archive,NewspaperSG / NLB,https://eresources.nlb.gov.sg/newspapers/digitised/issue/straitstimes19840522-1,newspaper_ad_or_article,Straits Times issue is a Goodwood Park Taiwan porridge search hit for 1984 restaurant advertising.,medium,Fifty-record top-up batch S; 200-row harvesting round checkpoint 1/4; source/date/brand key screened; not marker-split.,SRC_BATCH_S_043,probable,Singapore,Straits Times issue is a Goodwood Park Taiwan porridge search hit for 1984 restaurant advertising.,Taiwan porridge,Taiwan,,,https://eresources.nlb.gov.sg/newspapers/digitised/issue/straitstimes19840522-1,24cb4ae580615cdc,BATCH_S_043,1
BATCH_S_044,2010,2010-10-31,1987-2015_cross_strait_diffusion,Orchard Hotel Taiwan Porridge Buffet dining offer S,Singapore,,Singapore,newspaper_archive,NewspaperSG / NLB,https://eresources.nlb.gov.sg/newspapers/digitised/issue/straitstimes20101031-1,newspaper_ad_or_article,Straits Times dining offer lists Taiwan Porridge Buffet at Orchard Hotel Singapore in a one-dines-free promotion.,medium,Fifty-record top-up batch S; 200-row harvesting round checkpoint 1/4; source/date/brand key screened; not marker-split.,SRC_BATCH_S_044,probable,Singapore,Straits Times dining offer lists Taiwan Porridge Buffet at Orchard Hotel Singapore in a one-dines-free promotion.,Taiwan porridge buffet,Taiwan,,,https://eresources.nlb.gov.sg/newspapers/digitised/issue/straitstimes20101031-1,c849bb4e93e8621d,BATCH_S_044,1
BATCH_S_045,2016,2016-06-19,2014-2020_pre_wanghong_platformization,Oasis Taiwan Porridge delivery listing S,Singapore,,Singapore,newspaper_archive,NewspaperSG / NLB,https://eresources.nlb.gov.sg/newspapers/digitised/issue/straitstimes20160619-1,newspaper_ad_or_article,Straits Times food-delivery feature lists dishes from Oasis Taiwan Porridge including honey pork ribs and prawn balls.,medium,Fifty-record top-up batch S; 200-row harvesting round checkpoint 1/4; source/date/brand key screened; not marker-split.,SRC_BATCH_S_045,probable,Singapore,Straits Times food-delivery feature lists dishes from Oasis Taiwan Porridge including honey pork ribs and prawn balls.,Taiwan porridge,Taiwan,,,https://eresources.nlb.gov.sg/newspapers/digitised/issue/straitstimes20160619-1,550facea39557be5,BATCH_S_045,1
BATCH_S_046,2023,2023-08-25,2021-2025_internet_wanghong_capital,清海鮮魚湯 山上區活動,Tainan,Taiwan,Taiwan-side,municipal_profile,Tainan Tourism,https://www.twtainan.net/zh-tw/event/newsdetail/5928/,source_artifact_profile,台南旅遊網山上區活動介紹清海鮮魚湯，推薦菜色為肉燥飯及新鮮虱目魚等魚料理。,medium,Fifty-record top-up batch S; 200-row harvesting round checkpoint 1/4; source/date/brand key screened; not marker-split.,SRC_BATCH_S_046,probable,Taiwan-side,台南旅遊網山上區活動介紹清海鮮魚湯，推薦菜色為肉燥飯及新鮮虱目魚等魚料理。,肉燥飯;魚湯,Taiwan,,,https://www.twtainan.net/zh-tw/event/newsdetail/5928/,910c533840c0a1bc,BATCH_S_046,1
BATCH_S_047,2023,2023-08-25,2021-2025_internet_wanghong_capital,國正食堂 山上區活動,Tainan,Taiwan,Taiwan-side,municipal_profile,Tainan Tourism,https://www.twtainan.net/zh-tw/event/newsdetail/5928/,source_artifact_profile,台南旅遊網山上區活動介紹國正食堂為在地傳承三代的老字號，推薦油飯與辦桌菜。,medium,Fifty-record top-up batch S; 200-row harvesting round checkpoint 1/4; source/date/brand key screened; not marker-split.,SRC_BATCH_S_047,probable,Taiwan-side,台南旅遊網山上區活動介紹國正食堂為在地傳承三代的老字號，推薦油飯與辦桌菜。,油飯;辦桌菜,Taiwan,,,https://www.twtainan.net/zh-tw/event/newsdetail/5928/,7d30ab95a60733d2,BATCH_S_047,1
BATCH_S_048,2023,2023-08-25,2021-2025_internet_wanghong_capital,阿燕姨冰枝店 山上區活動,Tainan,Taiwan,Taiwan-side,municipal_profile,Tainan Tourism,https://www.twtainan.net/zh-tw/event/newsdetail/5928/,source_artifact_profile,台南旅遊網稱阿燕姨冰枝店開業超過70年，以在地水果製成傳統冰棒。,low,Fifty-record top-up batch S; 200-row harvesting round checkpoint 1/4; source/date/brand key screened; not marker-split.,SRC_BATCH_S_048,candidate,Taiwan-side,台南旅遊網稱阿燕姨冰枝店開業超過70年，以在地水果製成傳統冰棒。,冰棒,Taiwan,,,https://www.twtainan.net/zh-tw/event/newsdetail/5928/,fc641f9e4a874b39,BATCH_S_048,1
BATCH_S_049,2023,2023-08-25,2021-2025_internet_wanghong_capital,古積食品 山上區活動,Tainan,Taiwan,Taiwan-side,municipal_profile,Tainan Tourism,https://www.twtainan.net/zh-tw/event/newsdetail/5928/,source_artifact_profile,台南旅遊網山上區活動介紹古積食品，推薦香腸與封肉古早味筍乾。,medium,Fifty-record top-up batch S; 200-row harvesting round checkpoint 1/4; source/date/brand key screened; not marker-split.,SRC_BATCH_S_049,probable,Taiwan-side,台南旅遊網山上區活動介紹古積食品，推薦香腸與封肉古早味筍乾。,香腸;封肉,Taiwan,,,https://www.twtainan.net/zh-tw/event/newsdetail/5928/,7a5ef0e5da9bfbe6,BATCH_S_049,1
BATCH_S_050,2023,2023-08-25,2021-2025_internet_wanghong_capital,港口土魠魚羹 山上區活動,Tainan,Taiwan,Taiwan-side,municipal_profile,Tainan Tourism,https://www.twtainan.net/zh-tw/event/newsdetail/5928/,source_artifact_profile,台南旅遊網山上區活動介紹港口土魠魚羹，以酥炸扁魚與魚骨熬湯。,medium,Fifty-record top-up batch S; 200-row harvesting round checkpoint 1/4; source/date/brand key screened; not marker-split.,SRC_BATCH_S_050,probable,Taiwan-side,台南旅遊網山上區活動介紹港口土魠魚羹，以酥炸扁魚與魚骨熬湯。,土魠魚羹,Taiwan,,,https://www.twtainan.net/zh-tw/event/newsdetail/5928/,d5553d400ab9f4f5,BATCH_S_050,1
