year_bin,bin_midpoint,positive_rows,negative_rows_available,negative_rows_sampled,sampled_rows,balanced_binding_index,weight_sum,bin_usable_for_balanced_trend
1945,1947.5,3,5,3,6,0.487750,5.0366,1
1950,1952.5,13,7,7,20,0.621824,15.6192,1
1955,1957.5,18,7,7,25,0.701614,19.1698,1
1960,1962.5,12,6,6,18,0.702092,15.1201,1
1965,1967.5,20,7,7,27,0.718243,21.4962,1
1970,1972.5,18,15,15,33,0.522023,29.0041,1
1975,1977.5,9,16,9,18,0.487109,14.9790,1
1980,1982.5,15,16,15,30,0.509521,25.3295,1
1985,1987.5,5,21,5,10,0.441709,8.9559,1
