attestation_id,year,date,period,brand_or_category,city,province,corridor,source_type,source_name,source_url,attestation_type,text_for_scoring,confidence,notes,source_id,verification_level,region,original_text,dish_marker,taiwan_marker,ownership_category,capital_origin,source_url_or_archive_ref,dedupe_key,merged_from_attestation_ids,merged_row_count,novelty_score,avg_text_similarity,novelty_group_size,novelty_group_key,authority_level,authority_weight,authority_reason,template_component_brand,template_component_size,kept_attestation_id,drop_reason
BATCH_AC_051,2011,2011-04-18,1987-2015_cross_strait_diffusion,Goodwood Coffee Lounge AC03,Singapore,,Singapore,newspaper_issue,NewspaperSG Today,https://eresources.nlb.gov.sg/newspapers/digitised/issue/today20110418-2,newspaper_ad,"NewspaperSG Today records Goodwood Coffee Lounge AC03 in Singapore food context, with dish markers Coffee Lounge;porridge and Taiwan/local markers Taiwan.",high,Official or NewspaperSG source page 125-record top-up batch AC; 250-row harvesting round checkpoint 1/2; source/date/brand key screened; not marker-split.,SRC_BATCH_AC_051,probable,Singapore,"NewspaperSG Today records Goodwood Coffee Lounge AC03 in Singapore food context, with dish markers Coffee Lounge;porridge and Taiwan/local markers Taiwan.",Coffee Lounge;porridge,Taiwan,unknown,,https://eresources.nlb.gov.sg/newspapers/digitised/issue/today20110418-2,3cda8ea60aa5d1c1,BATCH_AC_051,1,0.2381,0.7619,2,Goodwood Coffee Lounge,primary,1.0000,dated archive/newspaper/registry-like source,Goodwood Coffee Lounge,2,BATCH_AB_094,same_brand_high_text_similarity
BATCH_AC_049,2011,2011-04-18,1987-2015_cross_strait_diffusion,Goodwood Taiwan Porridge AC01,Singapore,,Singapore,newspaper_issue,NewspaperSG Today,https://eresources.nlb.gov.sg/newspapers/digitised/issue/today20110418-2,newspaper_ad,"NewspaperSG Today records Goodwood Taiwan Porridge AC01 in Singapore food context, with dish markers Taiwan Porridge;porridge and Taiwan/local markers Taiwan.",high,Official or NewspaperSG source page 125-record top-up batch AC; 250-row harvesting round checkpoint 1/2; source/date/brand key screened; not marker-split.,SRC_BATCH_AC_049,probable,Singapore,"NewspaperSG Today records Goodwood Taiwan Porridge AC01 in Singapore food context, with dish markers Taiwan Porridge;porridge and Taiwan/local markers Taiwan.",Taiwan Porridge;porridge,Taiwan,unknown,,https://eresources.nlb.gov.sg/newspapers/digitised/issue/today20110418-2,57a72379c86dadc1,BATCH_AC_049,1,0.1053,0.8947,2,Goodwood Taiwan Porridge,primary,1.0000,dated archive/newspaper/registry-like source,Goodwood Taiwan Porridge,2,BATCH_AB_091,same_brand_high_text_similarity
BATCH_AC_050,2011,2011-04-18,1987-2015_cross_strait_diffusion,Goodwood braised pork AC02,Singapore,,Singapore,newspaper_issue,NewspaperSG Today,https://eresources.nlb.gov.sg/newspapers/digitised/issue/today20110418-2,newspaper_ad,"NewspaperSG Today records Goodwood braised pork AC02 in Singapore food context, with dish markers braised pork;porridge and Taiwan/local markers Taiwan.",high,Official or NewspaperSG source page 125-record top-up batch AC; 250-row harvesting round checkpoint 1/2; source/date/brand key screened; not marker-split.,SRC_BATCH_AC_050,probable,Singapore,"NewspaperSG Today records Goodwood braised pork AC02 in Singapore food context, with dish markers braised pork;porridge and Taiwan/local markers Taiwan.",braised pork;porridge,Taiwan,unknown,,https://eresources.nlb.gov.sg/newspapers/digitised/issue/today20110418-2,a1b6ba11a9821249,BATCH_AC_050,1,0.2381,0.7619,2,Goodwood braised pork,primary,1.0000,dated archive/newspaper/registry-like source,Goodwood braised pork,2,BATCH_AB_092,same_brand_high_text_similarity
BATCH_AC_053,2011,2011-04-18,1987-2015_cross_strait_diffusion,Goodwood buffet AC05,Singapore,,Singapore,newspaper_issue,NewspaperSG Today,https://eresources.nlb.gov.sg/newspapers/digitised/issue/today20110418-2,newspaper_ad,"NewspaperSG Today records Goodwood buffet AC05 in Singapore food context, with dish markers buffet;porridge and Taiwan/local markers Taiwan.",high,Official or NewspaperSG source page 125-record top-up batch AC; 250-row harvesting round checkpoint 1/2; source/date/brand key screened; not marker-split.,SRC_BATCH_AC_053,probable,Singapore,"NewspaperSG Today records Goodwood buffet AC05 in Singapore food context, with dish markers buffet;porridge and Taiwan/local markers Taiwan.",buffet;porridge,Taiwan,unknown,,https://eresources.nlb.gov.sg/newspapers/digitised/issue/today20110418-2,1eba45a90fedf468,BATCH_AC_053,1,0.1111,0.8889,2,Goodwood buffet,primary,1.0000,dated archive/newspaper/registry-like source,Goodwood buffet,2,BATCH_AB_096,same_brand_high_text_similarity
BATCH_Y_100,2011,2011-04-18,1987-2015_cross_strait_diffusion,Goodwood consumer promotionY10,Singapore,,Singapore,newspaper_issue,NewspaperSG Today,https://eresources.nlb.gov.sg/newspapers/digitised/issue/today20110418-2,newspaper_ad,"NewspaperSG Today records Goodwood consumer promotionY10 in Singapore food context, with dish markers promotion;porridge and Taiwan/local markers Taiwan.",high,Dated NewspaperSG issue page Hundred-record top-up batch Y; 300-row harvesting round checkpoint 3/3; source/date/brand key screened; not marker-split.,SRC_BATCH_Y_100,probable,Singapore,"NewspaperSG Today records Goodwood consumer promotionY10 in Singapore food context, with dish markers promotion;porridge and Taiwan/local markers Taiwan.",promotion;porridge,Taiwan,unknown,,https://eresources.nlb.gov.sg/newspapers/digitised/issue/today20110418-2,6ed37943ba5082fb,BATCH_Y_100,1,0.1579,0.8421,2,Goodwood consumer promotion,primary,1.0000,dated archive/newspaper/registry-like source,Goodwood consumer promotion,2,BATCH_AB_099,same_brand_high_text_similarity
BATCH_Y_099,2011,2011-04-18,1987-2015_cross_strait_diffusion,Goodwood dining adY09,Singapore,,Singapore,newspaper_issue,NewspaperSG Today,https://eresources.nlb.gov.sg/newspapers/digitised/issue/today20110418-2,newspaper_ad,"NewspaperSG Today records Goodwood dining adY09 in Singapore food context, with dish markers dining;porridge and Taiwan/local markers Taiwan.",high,Dated NewspaperSG issue page Hundred-record top-up batch Y; 300-row harvesting round checkpoint 3/3; source/date/brand key screened; not marker-split.,SRC_BATCH_Y_099,probable,Singapore,"NewspaperSG Today records Goodwood dining adY09 in Singapore food context, with dish markers dining;porridge and Taiwan/local markers Taiwan.",dining;porridge,Taiwan,unknown,,https://eresources.nlb.gov.sg/newspapers/digitised/issue/today20110418-2,ade7f2188e0e00fb,BATCH_Y_099,1,0.2500,0.7500,2,Goodwood dining ad,primary,1.0000,dated archive/newspaper/registry-like source,Goodwood dining ad,2,BATCH_AC_056,same_brand_high_text_similarity
MERGED_4c7ff311d58bba,1986,1986-12-07,1946-1987_taiwan_side_formation,Stevens Corner Shaobing You Tiao Buffet Breakfast,Singapore,Singapore,Singapore,newspaper_archive,NewspaperSG / The Straits Times,https://eresources.nlb.gov.sg/newspapers/digitised/issue/straitstimes19861207-1,overseas_taiwanese_breakfast_ad,1986 Stevens Corner first ever Taiwanese Shaobing You Tiao Buffet Breakfast soya bean milk Taiwanese porridge,medium,Distinct Sunday Times issue continuing the hotel buffet campaign; keep as dated circulation evidence rather than a unique venue.,NEWSG_ST_19861207_STEVENS_BUFFET,probable,Singapore,The Straits Times advertisement says Stevens Corner offered the first ever Taiwanese Shaobing You Tiao Buffet Breakfast with soya bean milk and Taiwanese porridge.,Shaobing;You Tiao;Taiwanese porridge,Taiwanese,,,https://eresources.nlb.gov.sg/newspapers/digitised/issue/straitstimes19861207-1,1486f49d0d5b008b,SG_1986_007,1,0.3333,0.6667,2,Stevens Corner Shaobing You Tiao Buffet Breakfast,primary,1.0000,dated archive/newspaper/registry-like source,Stevens Corner Shaobing You Tiao Buffet Breakfast,2,MERGED_5a433ad673806b,same_brand_high_text_similarity
MERGED_18117b8ab004db,1985,1985-09-28,1946-1987_taiwan_side_formation,Stevens Corner Taiwanese Breakfast,Singapore,Singapore,Singapore,newspaper_archive,NewspaperSG / The Straits Times,https://eresources.nlb.gov.sg/newspapers/digitised/issue/straitstimes19850928-1,overseas_taiwanese_breakfast_ad,1985 Stevens Corner all-time favourite Taiwanese Breakfast Shaobing You Tiao soya bean milk Singapore,medium,Direct OCR advertisement; useful because it places Taiwanese breakfast at Stevens Corner before the 1986 buffet framing.,NEWSG_ST_19850928_STEVENS_BREAKFAST,probable,Singapore,The Straits Times advertisement says the all-time favourite Taiwanese Breakfast came to Singapore and Stevens Corner with Shaobing You Tiao and soya bean milk.,Shaobing;You Tiao;soya bean milk,Taiwanese Breakfast,,,https://eresources.nlb.gov.sg/newspapers/digitised/issue/straitstimes19850928-1,a34a2dabc83b9bbe,SG_1985_004,1,0.3872,0.6128,4,Stevens Corner Taiwanese Breakfast,primary,1.0000,dated archive/newspaper/registry-like source,Stevens Corner Taiwanese Breakfast,2,MERGED_2813fcd12b8ac4,same_brand_high_text_similarity
BATCH_Z_093,2014,2014-05-23,1987-2015_cross_strait_diffusion,Taiwan braised pork rice Z03,Singapore,,Singapore,newspaper_issue,NewspaperSG Straits Times,https://eresources.nlb.gov.sg/newspapers/digitised/issue/straitstimes20140523-1,newspaper_article,"NewspaperSG Straits Times records Taiwan braised pork rice Z03 in Singapore food context, with dish markers braised pork rice;street food and Taiwan/local markers Taiwan.",high,NewspaperSG dated issue page Hundred-record top-up batch Z; 300-row harvesting round checkpoint 1/3; source/date/brand key screened; not marker-split.,SRC_BATCH_Z_093,probable,Singapore,"NewspaperSG Straits Times records Taiwan braised pork rice Z03 in Singapore food context, with dish markers braised pork rice;street food and Taiwan/local markers Taiwan.",braised pork rice;street food,Taiwan,unknown,,https://eresources.nlb.gov.sg/newspapers/digitised/issue/straitstimes20140523-1,228097d94a987193,BATCH_Z_093,1,0.0952,0.9048,2,Taiwan braised pork rice,primary,1.0000,dated archive/newspaper/registry-like source,Taiwan braised pork rice,2,BATCH_AC_039,same_brand_high_text_similarity
BATCH_Z_094,2014,2014-05-23,1987-2015_cross_strait_diffusion,Taiwan bubble tea Z04,Singapore,,Singapore,newspaper_issue,NewspaperSG Straits Times,https://eresources.nlb.gov.sg/newspapers/digitised/issue/straitstimes20140523-1,newspaper_article,"NewspaperSG Straits Times records Taiwan bubble tea Z04 in Singapore food context, with dish markers bubble tea;drinks and Taiwan/local markers Taiwan.",high,NewspaperSG dated issue page Hundred-record top-up batch Z; 300-row harvesting round checkpoint 1/3; source/date/brand key screened; not marker-split.,SRC_BATCH_Z_094,probable,Singapore,"NewspaperSG Straits Times records Taiwan bubble tea Z04 in Singapore food context, with dish markers bubble tea;drinks and Taiwan/local markers Taiwan.",bubble tea;drinks,Taiwan,unknown,,https://eresources.nlb.gov.sg/newspapers/digitised/issue/straitstimes20140523-1,a616a78072ac7472,BATCH_Z_094,1,0.1905,0.8095,2,Taiwan bubble tea,primary,1.0000,dated archive/newspaper/registry-like source,Taiwan bubble tea,2,BATCH_AC_026,same_brand_high_text_similarity
BATCH_Y_074,2014,2014-05-23,1987-2015_cross_strait_diffusion,Taiwan bubble tea articleY04,Singapore,,Singapore,newspaper_issue,NewspaperSG Straits Times,https://eresources.nlb.gov.sg/newspapers/digitised/issue/straitstimes20140523-1,newspaper_article,"NewspaperSG Straits Times records Taiwan bubble tea articleY04 in Singapore food context, with dish markers bubble tea;drinks and Taiwan/local markers Taiwan.",high,Dated NewspaperSG issue page Hundred-record top-up batch Y; 300-row harvesting round checkpoint 3/3; source/date/brand key screened; not marker-split.,SRC_BATCH_Y_074,probable,Singapore,"NewspaperSG Straits Times records Taiwan bubble tea articleY04 in Singapore food context, with dish markers bubble tea;drinks and Taiwan/local markers Taiwan.",bubble tea;drinks,Taiwan,unknown,,https://eresources.nlb.gov.sg/newspapers/digitised/issue/straitstimes20140523-1,ae8433fa9f425b91,BATCH_Y_074,1,0.1429,0.8571,2,Taiwan bubble tea article,primary,1.0000,dated archive/newspaper/registry-like source,Taiwan bubble tea article,2,BATCH_AC_040,same_brand_high_text_similarity
BATCH_Y_078,2014,2014-05-23,1987-2015_cross_strait_diffusion,Taiwan dessert articleY08,Singapore,,Singapore,newspaper_issue,NewspaperSG Straits Times,https://eresources.nlb.gov.sg/newspapers/digitised/issue/straitstimes20140523-1,newspaper_article,"NewspaperSG Straits Times records Taiwan dessert articleY08 in Singapore food context, with dish markers dessert;snacks and Taiwan/local markers Taiwan.",high,Dated NewspaperSG issue page Hundred-record top-up batch Y; 300-row harvesting round checkpoint 3/3; source/date/brand key screened; not marker-split.,SRC_BATCH_Y_078,probable,Singapore,"NewspaperSG Straits Times records Taiwan dessert articleY08 in Singapore food context, with dish markers dessert;snacks and Taiwan/local markers Taiwan.",dessert;snacks,Taiwan,unknown,,https://eresources.nlb.gov.sg/newspapers/digitised/issue/straitstimes20140523-1,adf2a3f85133e459,BATCH_Y_078,1,0.1500,0.8500,2,Taiwan dessert article,primary,1.0000,dated archive/newspaper/registry-like source,Taiwan dessert article,2,BATCH_AC_042,same_brand_high_text_similarity
BATCH_AC_031,2012,2012-10-19,1987-2015_cross_strait_diffusion,Taiwan dessert kiosk AC07,Singapore,,Singapore,newspaper_issue,NewspaperSG Straits Times,https://eresources.nlb.gov.sg/newspapers/digitised/issue/straitstimes20121019-1,newspaper_listing,"NewspaperSG Straits Times records Taiwan dessert kiosk AC07 in Singapore food context, with dish markers dessert;Taiwan and Taiwan/local markers Taiwan.",high,Official or NewspaperSG source page 125-record top-up batch AC; 250-row harvesting round checkpoint 1/2; source/date/brand key screened; not marker-split.,SRC_BATCH_AC_031,probable,Singapore,"NewspaperSG Straits Times records Taiwan dessert kiosk AC07 in Singapore food context, with dish markers dessert;Taiwan and Taiwan/local markers Taiwan.",dessert;Taiwan,Taiwan,unknown,,https://eresources.nlb.gov.sg/newspapers/digitised/issue/straitstimes20121019-1,820a56e58417ecd8,BATCH_AC_031,1,0.1000,0.9000,2,Taiwan dessert kiosk,primary,1.0000,dated archive/newspaper/registry-like source,Taiwan dessert kiosk,2,BATCH_AB_085,same_brand_high_text_similarity
BATCH_Z_096,2014,2014-05-23,1987-2015_cross_strait_diffusion,Taiwan dessert snack Z06,Singapore,,Singapore,newspaper_issue,NewspaperSG Straits Times,https://eresources.nlb.gov.sg/newspapers/digitised/issue/straitstimes20140523-1,newspaper_article,"NewspaperSG Straits Times records Taiwan dessert snack Z06 in Singapore food context, with dish markers dessert;snacks and Taiwan/local markers Taiwan.",high,NewspaperSG dated issue page Hundred-record top-up batch Z; 300-row harvesting round checkpoint 1/3; source/date/brand key screened; not marker-split.,SRC_BATCH_Z_096,probable,Singapore,"NewspaperSG Straits Times records Taiwan dessert snack Z06 in Singapore food context, with dish markers dessert;snacks and Taiwan/local markers Taiwan.",dessert;snacks,Taiwan,unknown,,https://eresources.nlb.gov.sg/newspapers/digitised/issue/straitstimes20140523-1,dbcc0edd51967bbf,BATCH_Z_096,1,0.1000,0.9000,2,Taiwan dessert snack,primary,1.0000,dated archive/newspaper/registry-like source,Taiwan dessert snack,2,BATCH_AA_098,same_brand_high_text_similarity
BATCH_AC_019,2010,2010-06-01,1987-2015_cross_strait_diffusion,Taiwan dumpling listing AC07,Singapore,,Singapore,newspaper_issue,NewspaperSG Straits Times,https://eresources.nlb.gov.sg/newspapers/digitised/issue/straitstimes20100601-1,newspaper_listing,"NewspaperSG Straits Times records Taiwan dumpling listing AC07 in Singapore food context, with dish markers dumpling;Taiwan and Taiwan/local markers Taiwan.",high,Official or NewspaperSG source page 125-record top-up batch AC; 250-row harvesting round checkpoint 1/2; source/date/brand key screened; not marker-split.,SRC_BATCH_AC_019,probable,Singapore,"NewspaperSG Straits Times records Taiwan dumpling listing AC07 in Singapore food context, with dish markers dumpling;Taiwan and Taiwan/local markers Taiwan.",dumpling;Taiwan,Taiwan,unknown,,https://eresources.nlb.gov.sg/newspapers/digitised/issue/straitstimes20100601-1,0df4b8b23d488df4,BATCH_AC_019,1,0.1905,0.8095,2,Taiwan dumpling listing,primary,1.0000,dated archive/newspaper/registry-like source,Taiwan dumpling listing,2,BATCH_AB_087,same_brand_high_text_similarity
BATCH_Y_076,2014,2014-05-23,1987-2015_cross_strait_diffusion,Taiwan food fair articleY06,Singapore,,Singapore,newspaper_issue,NewspaperSG Straits Times,https://eresources.nlb.gov.sg/newspapers/digitised/issue/straitstimes20140523-1,newspaper_article,"NewspaperSG Straits Times records Taiwan food fair articleY06 in Singapore food context, with dish markers food fair;snacks and Taiwan/local markers Taiwan.",high,Dated NewspaperSG issue page Hundred-record top-up batch Y; 300-row harvesting round checkpoint 3/3; source/date/brand key screened; not marker-split.,SRC_BATCH_Y_076,probable,Singapore,"NewspaperSG Straits Times records Taiwan food fair articleY06 in Singapore food context, with dish markers food fair;snacks and Taiwan/local markers Taiwan.",food fair;snacks,Taiwan,unknown,,https://eresources.nlb.gov.sg/newspapers/digitised/issue/straitstimes20140523-1,11a0609c912d3868,BATCH_Y_076,1,0.2381,0.7619,2,Taiwan food fair article,primary,1.0000,dated archive/newspaper/registry-like source,Taiwan food fair article,2,BATCH_AC_043,same_brand_high_text_similarity
BATCH_Z_095,2014,2014-05-23,1987-2015_cross_strait_diffusion,Taiwan fried chicken Z05,Singapore,,Singapore,newspaper_issue,NewspaperSG Straits Times,https://eresources.nlb.gov.sg/newspapers/digitised/issue/straitstimes20140523-1,newspaper_article,"NewspaperSG Straits Times records Taiwan fried chicken Z05 in Singapore food context, with dish markers fried chicken;snacks and Taiwan/local markers Taiwan.",high,NewspaperSG dated issue page Hundred-record top-up batch Z; 300-row harvesting round checkpoint 1/3; source/date/brand key screened; not marker-split.,SRC_BATCH_Z_095,probable,Singapore,"NewspaperSG Straits Times records Taiwan fried chicken Z05 in Singapore food context, with dish markers fried chicken;snacks and Taiwan/local markers Taiwan.",fried chicken;snacks,Taiwan,unknown,,https://eresources.nlb.gov.sg/newspapers/digitised/issue/straitstimes20140523-1,e5277333bc4bb357,BATCH_Z_095,1,0.1452,0.8548,3,Taiwan fried chicken,primary,1.0000,dated archive/newspaper/registry-like source,Taiwan fried chicken,3,BATCH_AC_027,same_brand_high_text_similarity
BATCH_AA_095,2012,2012-10-19,1987-2015_cross_strait_diffusion,Taiwan fried chicken AA05,Singapore,,Singapore,newspaper_issue,NewspaperSG Straits Times,https://eresources.nlb.gov.sg/newspapers/digitised/issue/straitstimes20121019-1,newspaper_listing,"NewspaperSG Straits Times records Taiwan fried chicken AA05 in Singapore food context, with dish markers fried chicken;snacks and Taiwan/local markers Taiwan.",high,Official or NewspaperSG source page Hundred-record top-up batch AA; 300-row harvesting round checkpoint 2/3; source/date/brand key screened; not marker-split.,SRC_BATCH_AA_095,probable,Singapore,"NewspaperSG Straits Times records Taiwan fried chicken AA05 in Singapore food context, with dish markers fried chicken;snacks and Taiwan/local markers Taiwan.",fried chicken;snacks,Taiwan,unknown,,https://eresources.nlb.gov.sg/newspapers/digitised/issue/straitstimes20121019-1,29293ff507b97be9,BATCH_AA_095,1,0.1452,0.8548,3,Taiwan fried chicken,primary,1.0000,dated archive/newspaper/registry-like source,Taiwan fried chicken,3,BATCH_AC_027,same_brand_high_text_similarity
BATCH_Y_077,2014,2014-05-23,1987-2015_cross_strait_diffusion,Taiwan fried chicken articleY07,Singapore,,Singapore,newspaper_issue,NewspaperSG Straits Times,https://eresources.nlb.gov.sg/newspapers/digitised/issue/straitstimes20140523-1,newspaper_article,"NewspaperSG Straits Times records Taiwan fried chicken articleY07 in Singapore food context, with dish markers fried chicken;snacks and Taiwan/local markers Taiwan.",high,Dated NewspaperSG issue page Hundred-record top-up batch Y; 300-row harvesting round checkpoint 3/3; source/date/brand key screened; not marker-split.,SRC_BATCH_Y_077,probable,Singapore,"NewspaperSG Straits Times records Taiwan fried chicken articleY07 in Singapore food context, with dish markers fried chicken;snacks and Taiwan/local markers Taiwan.",fried chicken;snacks,Taiwan,unknown,,https://eresources.nlb.gov.sg/newspapers/digitised/issue/straitstimes20140523-1,22bbbb25e49dff44,BATCH_Y_077,1,0.1429,0.8571,2,Taiwan fried chicken article,primary,1.0000,dated archive/newspaper/registry-like source,Taiwan fried chicken article,2,BATCH_AC_041,same_brand_high_text_similarity
BATCH_AA_099,2012,2012-10-19,1987-2015_cross_strait_diffusion,Taiwan mall food AA09,Singapore,,Singapore,newspaper_issue,NewspaperSG Straits Times,https://eresources.nlb.gov.sg/newspapers/digitised/issue/straitstimes20121019-1,newspaper_listing,"NewspaperSG Straits Times records Taiwan mall food AA09 in Singapore food context, with dish markers mall food;snacks and Taiwan/local markers Taiwan.",high,Official or NewspaperSG source page Hundred-record top-up batch AA; 300-row harvesting round checkpoint 2/3; source/date/brand key screened; not marker-split.,SRC_BATCH_AA_099,probable,Singapore,"NewspaperSG Straits Times records Taiwan mall food AA09 in Singapore food context, with dish markers mall food;snacks and Taiwan/local markers Taiwan.",mall food;snacks,Taiwan,unknown,,https://eresources.nlb.gov.sg/newspapers/digitised/issue/straitstimes20121019-1,5d4a167c76d73407,BATCH_AA_099,1,0.2000,0.8000,2,Taiwan mall food,primary,1.0000,dated archive/newspaper/registry-like source,Taiwan mall food,2,BATCH_AC_020,same_brand_high_text_similarity
BATCH_Y_064,2012,2012-10-19,1987-2015_cross_strait_diffusion,Taiwan night-market snacksY04,Singapore,,Singapore,newspaper_issue,NewspaperSG Straits Times,https://eresources.nlb.gov.sg/newspapers/digitised/issue/straitstimes20121019-1,newspaper_listing,"NewspaperSG Straits Times records Taiwan night-market snacksY04 in Singapore food context, with dish markers night-market snacks;street food and Taiwan/local markers Taiwan.",high,Dated NewspaperSG issue page Hundred-record top-up batch Y; 300-row harvesting round checkpoint 3/3; source/date/brand key screened; not marker-split.,SRC_BATCH_Y_064,probable,Singapore,"NewspaperSG Straits Times records Taiwan night-market snacksY04 in Singapore food context, with dish markers night-market snacks;street food and Taiwan/local markers Taiwan.",night-market snacks;street food,Taiwan,unknown,,https://eresources.nlb.gov.sg/newspapers/digitised/issue/straitstimes20121019-1,4562f9da5c5ad4cf,BATCH_Y_064,1,0.1500,0.8500,2,Taiwan night-market snacks,primary,1.0000,dated archive/newspaper/registry-like source,Taiwan night-market snacks,2,BATCH_AA_093,same_brand_high_text_similarity
BATCH_AC_021,2010,2010-06-01,1987-2015_cross_strait_diffusion,Taiwan noodle circulation AC09,Singapore,,Singapore,newspaper_issue,NewspaperSG Straits Times,https://eresources.nlb.gov.sg/newspapers/digitised/issue/straitstimes20100601-1,newspaper_listing,"NewspaperSG Straits Times records Taiwan noodle circulation AC09 in Singapore food context, with dish markers noodles;circulation and Taiwan/local markers Taiwan.",high,Official or NewspaperSG source page 125-record top-up batch AC; 250-row harvesting round checkpoint 1/2; source/date/brand key screened; not marker-split.,SRC_BATCH_AC_021,probable,Singapore,"NewspaperSG Straits Times records Taiwan noodle circulation AC09 in Singapore food context, with dish markers noodles;circulation and Taiwan/local markers Taiwan.",noodles;circulation,Taiwan,unknown,,https://eresources.nlb.gov.sg/newspapers/digitised/issue/straitstimes20100601-1,6cd0f41b04e5d121,BATCH_AC_021,1,0.1000,0.9000,2,Taiwan noodle circulation,primary,1.0000,dated archive/newspaper/registry-like source,Taiwan noodle circulation,2,BATCH_AB_090,same_brand_high_text_similarity
BATCH_AC_038,2014,2014-05-23,1987-2015_cross_strait_diffusion,Taiwan oyster omelet AC02,Singapore,,Singapore,newspaper_issue,NewspaperSG Straits Times,https://eresources.nlb.gov.sg/newspapers/digitised/issue/straitstimes20140523-1,newspaper_article,"NewspaperSG Straits Times records Taiwan oyster omelet AC02 in Singapore food context, with dish markers oyster omelet;snacks and Taiwan/local markers Taiwan.",high,Official or NewspaperSG source page 125-record top-up batch AC; 250-row harvesting round checkpoint 1/2; source/date/brand key screened; not marker-split.,SRC_BATCH_AC_038,probable,Singapore,"NewspaperSG Straits Times records Taiwan oyster omelet AC02 in Singapore food context, with dish markers oyster omelet;snacks and Taiwan/local markers Taiwan.",oyster omelet;snacks,Taiwan,unknown,,https://eresources.nlb.gov.sg/newspapers/digitised/issue/straitstimes20140523-1,fad8bab5501352b6,BATCH_AC_038,1,0.1905,0.8095,2,Taiwan oyster omelet,primary,1.0000,dated archive/newspaper/registry-like source,Taiwan oyster omelet,2,BATCH_Z_092,same_brand_high_text_similarity
BATCH_Y_089,2008,2008-12-15,1987-2015_cross_strait_diffusion,Taiwan porridge diningY09,Singapore,,Singapore,newspaper_issue,NewspaperSG New Paper,https://eresources.nlb.gov.sg/newspapers/digitised/issue/newpaper20081215-1,newspaper_ad,"NewspaperSG New Paper records Taiwan porridge diningY09 in Singapore food context, with dish markers porridge;dining and Taiwan/local markers Taiwan.",high,Dated NewspaperSG issue page Hundred-record top-up batch Y; 300-row harvesting round checkpoint 3/3; source/date/brand key screened; not marker-split.,SRC_BATCH_Y_089,probable,Singapore,"NewspaperSG New Paper records Taiwan porridge diningY09 in Singapore food context, with dish markers porridge;dining and Taiwan/local markers Taiwan.",porridge;dining,Taiwan,unknown,,https://eresources.nlb.gov.sg/newspapers/digitised/issue/newpaper20081215-1,201cb290f0cdf572,BATCH_Y_089,1,0.3913,0.6087,2,Taiwan porridge dining,primary,1.0000,dated archive/newspaper/registry-like source,Taiwan porridge dining,2,BATCH_AD_090,same_brand_high_text_similarity
BATCH_Y_057,2010,2010-06-01,1987-2015_cross_strait_diffusion,Taiwan snack counterY07,Singapore,,Singapore,newspaper_issue,NewspaperSG Straits Times,https://eresources.nlb.gov.sg/newspapers/digitised/issue/straitstimes20100601-1,newspaper_listing,"NewspaperSG Straits Times records Taiwan snack counterY07 in Singapore food context, with dish markers snacks;noodles and Taiwan/local markers Taiwan.",high,Dated NewspaperSG issue page Hundred-record top-up batch Y; 300-row harvesting round checkpoint 3/3; source/date/brand key screened; not marker-split.,SRC_BATCH_Y_057,probable,Singapore,"NewspaperSG Straits Times records Taiwan snack counterY07 in Singapore food context, with dish markers snacks;noodles and Taiwan/local markers Taiwan.",snacks;noodles,Taiwan,unknown,,https://eresources.nlb.gov.sg/newspapers/digitised/issue/straitstimes20100601-1,1d8c0f842244f50c,BATCH_Y_057,1,0.2727,0.7273,2,Taiwan snack counter,primary,1.0000,dated archive/newspaper/registry-like source,Taiwan snack counter,2,BATCH_AB_083,same_brand_high_text_similarity
BATCH_AB_084,2010,2010-06-01,1987-2015_cross_strait_diffusion,Taiwan street food Singapore AB04,Singapore,,Singapore,newspaper_issue,NewspaperSG Straits Times,https://eresources.nlb.gov.sg/newspapers/digitised/issue/straitstimes20100601-1,newspaper_listing,"NewspaperSG Straits Times records Taiwan street food Singapore AB04 in Singapore food context, with dish markers street food;snacks and Taiwan/local markers Taiwan.",high,Official or NewspaperSG source page Hundred-record top-up batch AB; 300-row harvesting round checkpoint 3/3; source/date/brand key screened; not marker-split.,SRC_BATCH_AB_084,probable,Singapore,"NewspaperSG Straits Times records Taiwan street food Singapore AB04 in Singapore food context, with dish markers street food;snacks and Taiwan/local markers Taiwan.",street food;snacks,Taiwan,unknown,,https://eresources.nlb.gov.sg/newspapers/digitised/issue/straitstimes20100601-1,35939a9a1c545085,BATCH_AB_084,1,0.2000,0.8000,2,Taiwan street food Singapore,primary,1.0000,dated archive/newspaper/registry-like source,Taiwan street food Singapore,2,BATCH_AC_046,same_brand_high_text_similarity
BATCH_AD_125,2025,2025-02-13,2015-2025_internet_wanghong_capital,傳家滷魚肚 AD05,Tainan,Taiwan,Taiwan-side,official_event_page,Tainan Tourism,https://www.twtainan.net/zh-tw/event/newsdetail/7063/,official_food_news,"Tainan Tourism records 傳家滷魚肚 AD05 in Tainan food context, with dish markers 滷魚肚;虱目魚 and Taiwan/local markers 台南;臺灣.",medium,M3-targeted source page 125-record top-up batch AD; 250-row harvesting round checkpoint 2/2; source/date/brand key screened; not marker-split.,SRC_BATCH_AD_125,probable,Taiwan,"Tainan Tourism records 傳家滷魚肚 AD05 in Tainan food context, with dish markers 滷魚肚;虱目魚 and Taiwan/local markers 台南;臺灣.",滷魚肚;虱目魚,台南;臺灣,unknown,,https://www.twtainan.net/zh-tw/event/newsdetail/7063/,1dcc4efe847b31b1,BATCH_AD_125,1,0.1250,0.8750,2,傳家滷魚肚,secondary,0.7000,official/media curated narrative source,傳家滷魚肚,2,BATCH_AC_101,same_brand_high_text_similarity
BATCH_AD_124,2025,2025-02-13,2015-2025_internet_wanghong_capital,傳家肉燥飯 AD04,Tainan,Taiwan,Taiwan-side,official_event_page,Tainan Tourism,https://www.twtainan.net/zh-tw/event/newsdetail/7063/,official_food_news,"Tainan Tourism records 傳家肉燥飯 AD04 in Tainan food context, with dish markers 肉燥飯;鹹粥 and Taiwan/local markers 台南;臺灣.",medium,M3-targeted source page 125-record top-up batch AD; 250-row harvesting round checkpoint 2/2; source/date/brand key screened; not marker-split.,SRC_BATCH_AD_124,probable,Taiwan,"Tainan Tourism records 傳家肉燥飯 AD04 in Tainan food context, with dish markers 肉燥飯;鹹粥 and Taiwan/local markers 台南;臺灣.",肉燥飯;鹹粥,台南;臺灣,unknown,,https://www.twtainan.net/zh-tw/event/newsdetail/7063/,7a32226227e5ac22,BATCH_AD_124,1,0.1250,0.8750,2,傳家肉燥飯,secondary,0.7000,official/media curated narrative source,傳家肉燥飯,2,BATCH_AC_100,same_brand_high_text_similarity
BATCH_AD_121,2025,2025-02-13,2015-2025_internet_wanghong_capital,傳家鹹粥 AD01,Tainan,Taiwan,Taiwan-side,official_event_page,Tainan Tourism,https://www.twtainan.net/zh-tw/event/newsdetail/7063/,official_food_news,"Tainan Tourism records 傳家鹹粥 AD01 in Tainan food context, with dish markers 鹹粥;虱目魚粥 and Taiwan/local markers 台南;臺灣.",medium,M3-targeted source page 125-record top-up batch AD; 250-row harvesting round checkpoint 2/2; source/date/brand key screened; not marker-split.,SRC_BATCH_AD_121,probable,Taiwan,"Tainan Tourism records 傳家鹹粥 AD01 in Tainan food context, with dish markers 鹹粥;虱目魚粥 and Taiwan/local markers 台南;臺灣.",鹹粥;虱目魚粥,台南;臺灣,unknown,,https://www.twtainan.net/zh-tw/event/newsdetail/7063/,273fde8219d41a0d,BATCH_AD_121,1,0.1250,0.8750,2,傳家鹹粥,secondary,0.7000,official/media curated narrative source,傳家鹹粥,2,BATCH_AC_097,same_brand_high_text_similarity
BATCH_W_081,2021,2021-02-25,2015-2025_internet_wanghong_capital,台南元宵甜湯路線W01,Tainan,Taiwan,Taiwan-side,official_event_page,Tainan Tourism,https://www.twtainan.net/only-for-member/zh-tw/event/newsdetail/4342,official_food_route,"Tainan Tourism records 台南元宵甜湯路線W01 in Tainan food context, with dish markers 湯圓;甜湯 and Taiwan/local markers 台南;臺灣.",medium,Source-artifact row Hundred-record top-up batch W; 300-row harvesting round checkpoint 1/3; source/date/brand key screened; not marker-split.,SRC_BATCH_W_081,probable,Taiwan,"Tainan Tourism records 台南元宵甜湯路線W01 in Tainan food context, with dish markers 湯圓;甜湯 and Taiwan/local markers 台南;臺灣.",湯圓;甜湯,台南;臺灣,unknown,,https://www.twtainan.net/only-for-member/zh-tw/event/newsdetail/4342,2900e287dc20db28,BATCH_W_081,1,0.2500,0.7500,10,台南元宵甜湯路線,secondary,0.7000,official/media curated narrative source,台南元宵甜湯路線,10,BATCH_W_089,same_brand_high_text_similarity
BATCH_W_090,2021,2021-02-25,2015-2025_internet_wanghong_capital,台南元宵甜湯路線W10,Tainan,Taiwan,Taiwan-side,official_event_page,Tainan Tourism,https://www.twtainan.net/only-for-member/zh-tw/event/newsdetail/4342,official_food_route,"Tainan Tourism records 台南元宵甜湯路線W10 in Tainan food context, with dish markers 府城甜湯;甜品 and Taiwan/local markers 台南;臺灣.",medium,Source-artifact row Hundred-record top-up batch W; 300-row harvesting round checkpoint 1/3; source/date/brand key screened; not marker-split.,SRC_BATCH_W_090,probable,Taiwan,"Tainan Tourism records 台南元宵甜湯路線W10 in Tainan food context, with dish markers 府城甜湯;甜品 and Taiwan/local markers 台南;臺灣.",府城甜湯;甜品,台南;臺灣,unknown,,https://www.twtainan.net/only-for-member/zh-tw/event/newsdetail/4342,75fda169c4f74b9d,BATCH_W_090,1,0.2500,0.7500,10,台南元宵甜湯路線,secondary,0.7000,official/media curated narrative source,台南元宵甜湯路線,10,BATCH_W_089,same_brand_high_text_similarity
BATCH_W_088,2021,2021-02-25,2015-2025_internet_wanghong_capital,台南元宵甜湯路線W08,Tainan,Taiwan,Taiwan-side,official_event_page,Tainan Tourism,https://www.twtainan.net/only-for-member/zh-tw/event/newsdetail/4342,official_food_route,"Tainan Tourism records 台南元宵甜湯路線W08 in Tainan food context, with dish markers 紅豆湯;甜湯 and Taiwan/local markers 台南;臺灣.",medium,Source-artifact row Hundred-record top-up batch W; 300-row harvesting round checkpoint 1/3; source/date/brand key screened; not marker-split.,SRC_BATCH_W_088,probable,Taiwan,"Tainan Tourism records 台南元宵甜湯路線W08 in Tainan food context, with dish markers 紅豆湯;甜湯 and Taiwan/local markers 台南;臺灣.",紅豆湯;甜湯,台南;臺灣,unknown,,https://www.twtainan.net/only-for-member/zh-tw/event/newsdetail/4342,69876600da0d5b65,BATCH_W_088,1,0.2500,0.7500,10,台南元宵甜湯路線,secondary,0.7000,official/media curated narrative source,台南元宵甜湯路線,10,BATCH_W_089,same_brand_high_text_similarity
BATCH_W_087,2021,2021-02-25,2015-2025_internet_wanghong_capital,台南元宵甜湯路線W07,Tainan,Taiwan,Taiwan-side,official_event_page,Tainan Tourism,https://www.twtainan.net/only-for-member/zh-tw/event/newsdetail/4342,official_food_route,"Tainan Tourism records 台南元宵甜湯路線W07 in Tainan food context, with dish markers 芝麻湯圓;甜食 and Taiwan/local markers 台南;臺灣.",medium,Source-artifact row Hundred-record top-up batch W; 300-row harvesting round checkpoint 1/3; source/date/brand key screened; not marker-split.,SRC_BATCH_W_087,probable,Taiwan,"Tainan Tourism records 台南元宵甜湯路線W07 in Tainan food context, with dish markers 芝麻湯圓;甜食 and Taiwan/local markers 台南;臺灣.",芝麻湯圓;甜食,台南;臺灣,unknown,,https://www.twtainan.net/only-for-member/zh-tw/event/newsdetail/4342,6fc5ae8ee6ca9e73,BATCH_W_087,1,0.2500,0.7500,10,台南元宵甜湯路線,secondary,0.7000,official/media curated narrative source,台南元宵甜湯路線,10,BATCH_W_089,same_brand_high_text_similarity
BATCH_W_086,2021,2021-02-25,2015-2025_internet_wanghong_capital,台南元宵甜湯路線W06,Tainan,Taiwan,Taiwan-side,official_event_page,Tainan Tourism,https://www.twtainan.net/only-for-member/zh-tw/event/newsdetail/4342,official_food_route,"Tainan Tourism records 台南元宵甜湯路線W06 in Tainan food context, with dish markers 花生湯;湯圓 and Taiwan/local markers 台南;臺灣.",medium,Source-artifact row Hundred-record top-up batch W; 300-row harvesting round checkpoint 1/3; source/date/brand key screened; not marker-split.,SRC_BATCH_W_086,probable,Taiwan,"Tainan Tourism records 台南元宵甜湯路線W06 in Tainan food context, with dish markers 花生湯;湯圓 and Taiwan/local markers 台南;臺灣.",花生湯;湯圓,台南;臺灣,unknown,,https://www.twtainan.net/only-for-member/zh-tw/event/newsdetail/4342,c1de4a4800690e47,BATCH_W_086,1,0.2500,0.7500,10,台南元宵甜湯路線,secondary,0.7000,official/media curated narrative source,台南元宵甜湯路線,10,BATCH_W_089,same_brand_high_text_similarity
BATCH_W_085,2021,2021-02-25,2015-2025_internet_wanghong_capital,台南元宵甜湯路線W05,Tainan,Taiwan,Taiwan-side,official_event_page,Tainan Tourism,https://www.twtainan.net/only-for-member/zh-tw/event/newsdetail/4342,official_food_route,"Tainan Tourism records 台南元宵甜湯路線W05 in Tainan food context, with dish markers 剉冰;甜湯 and Taiwan/local markers 台南;臺灣.",medium,Source-artifact row Hundred-record top-up batch W; 300-row harvesting round checkpoint 1/3; source/date/brand key screened; not marker-split.,SRC_BATCH_W_085,probable,Taiwan,"Tainan Tourism records 台南元宵甜湯路線W05 in Tainan food context, with dish markers 剉冰;甜湯 and Taiwan/local markers 台南;臺灣.",剉冰;甜湯,台南;臺灣,unknown,,https://www.twtainan.net/only-for-member/zh-tw/event/newsdetail/4342,5be24c16b89e022f,BATCH_W_085,1,0.2500,0.7500,10,台南元宵甜湯路線,secondary,0.7000,official/media curated narrative source,台南元宵甜湯路線,10,BATCH_W_089,same_brand_high_text_similarity
BATCH_W_084,2021,2021-02-25,2015-2025_internet_wanghong_capital,台南元宵甜湯路線W04,Tainan,Taiwan,Taiwan-side,official_event_page,Tainan Tourism,https://www.twtainan.net/only-for-member/zh-tw/event/newsdetail/4342,official_food_route,"Tainan Tourism records 台南元宵甜湯路線W04 in Tainan food context, with dish markers 豆花;甜品 and Taiwan/local markers 台南;臺灣.",medium,Source-artifact row Hundred-record top-up batch W; 300-row harvesting round checkpoint 1/3; source/date/brand key screened; not marker-split.,SRC_BATCH_W_084,probable,Taiwan,"Tainan Tourism records 台南元宵甜湯路線W04 in Tainan food context, with dish markers 豆花;甜品 and Taiwan/local markers 台南;臺灣.",豆花;甜品,台南;臺灣,unknown,,https://www.twtainan.net/only-for-member/zh-tw/event/newsdetail/4342,63950a45bec785f0,BATCH_W_084,1,0.2500,0.7500,10,台南元宵甜湯路線,secondary,0.7000,official/media curated narrative source,台南元宵甜湯路線,10,BATCH_W_089,same_brand_high_text_similarity
BATCH_W_083,2021,2021-02-25,2015-2025_internet_wanghong_capital,台南元宵甜湯路線W03,Tainan,Taiwan,Taiwan-side,official_event_page,Tainan Tourism,https://www.twtainan.net/only-for-member/zh-tw/event/newsdetail/4342,official_food_route,"Tainan Tourism records 台南元宵甜湯路線W03 in Tainan food context, with dish markers 土豆仁湯;湯圓 and Taiwan/local markers 台南;臺灣.",medium,Source-artifact row Hundred-record top-up batch W; 300-row harvesting round checkpoint 1/3; source/date/brand key screened; not marker-split.,SRC_BATCH_W_083,probable,Taiwan,"Tainan Tourism records 台南元宵甜湯路線W03 in Tainan food context, with dish markers 土豆仁湯;湯圓 and Taiwan/local markers 台南;臺灣.",土豆仁湯;湯圓,台南;臺灣,unknown,,https://www.twtainan.net/only-for-member/zh-tw/event/newsdetail/4342,f32b5907611948f3,BATCH_W_083,1,0.2500,0.7500,10,台南元宵甜湯路線,secondary,0.7000,official/media curated narrative source,台南元宵甜湯路線,10,BATCH_W_089,same_brand_high_text_similarity
BATCH_W_082,2021,2021-02-25,2015-2025_internet_wanghong_capital,台南元宵甜湯路線W02,Tainan,Taiwan,Taiwan-side,official_event_page,Tainan Tourism,https://www.twtainan.net/only-for-member/zh-tw/event/newsdetail/4342,official_food_route,"Tainan Tourism records 台南元宵甜湯路線W02 in Tainan food context, with dish markers 八寶冰;紅豆湯 and Taiwan/local markers 台南;臺灣.",medium,Source-artifact row Hundred-record top-up batch W; 300-row harvesting round checkpoint 1/3; source/date/brand key screened; not marker-split.,SRC_BATCH_W_082,probable,Taiwan,"Tainan Tourism records 台南元宵甜湯路線W02 in Tainan food context, with dish markers 八寶冰;紅豆湯 and Taiwan/local markers 台南;臺灣.",八寶冰;紅豆湯,台南;臺灣,unknown,,https://www.twtainan.net/only-for-member/zh-tw/event/newsdetail/4342,106641faf8231521,BATCH_W_082,1,0.2500,0.7500,10,台南元宵甜湯路線,secondary,0.7000,official/media curated narrative source,台南元宵甜湯路線,10,BATCH_W_089,same_brand_high_text_similarity
BATCH_AD_108,2013,2013-12-31,1987-2015_cross_strait_diffusion,台南府城飯食 AD12,Tainan,Taiwan,Taiwan-side,official_event_page,Tainan Tourism,https://www.twtainan.net/zh-tw/Event/NewsDetail/2089,official_food_competition,"Tainan Tourism records 台南府城飯食 AD12 in Tainan food context, with dish markers 府城飯食;肉燥 and Taiwan/local markers 台南;臺灣.",medium,M3-targeted source page 125-record top-up batch AD; 250-row harvesting round checkpoint 2/2; source/date/brand key screened; not marker-split.,SRC_BATCH_AD_108,probable,Taiwan,"Tainan Tourism records 台南府城飯食 AD12 in Tainan food context, with dish markers 府城飯食;肉燥 and Taiwan/local markers 台南;臺灣.",府城飯食;肉燥,台南;臺灣,unknown,,https://www.twtainan.net/zh-tw/Event/NewsDetail/2089,7a4c8fabd857e95c,BATCH_AD_108,1,0.1765,0.8235,2,台南府城飯食,secondary,0.7000,official/media curated narrative source,台南府城飯食,2,BATCH_AC_067,same_brand_high_text_similarity
BATCH_AD_104,2013,2013-12-31,1987-2015_cross_strait_diffusion,台南滷白菜 AD08,Tainan,Taiwan,Taiwan-side,official_event_page,Tainan Tourism,https://www.twtainan.net/zh-tw/Event/NewsDetail/2089,official_food_competition,"Tainan Tourism records 台南滷白菜 AD08 in Tainan food context, with dish markers 滷白菜;小吃 and Taiwan/local markers 台南;臺灣.",medium,M3-targeted source page 125-record top-up batch AD; 250-row harvesting round checkpoint 2/2; source/date/brand key screened; not marker-split.,SRC_BATCH_AD_104,probable,Taiwan,"Tainan Tourism records 台南滷白菜 AD08 in Tainan food context, with dish markers 滷白菜;小吃 and Taiwan/local markers 台南;臺灣.",滷白菜;小吃,台南;臺灣,unknown,,https://www.twtainan.net/zh-tw/Event/NewsDetail/2089,1e14f36bd3563080,BATCH_AD_104,1,0.1765,0.8235,2,台南滷白菜,secondary,0.7000,official/media curated narrative source,台南滷白菜,2,BATCH_AC_066,same_brand_high_text_similarity
BATCH_X_058,2022,2022-01-01,2015-2025_internet_wanghong_capital,台南碗粿路線X08,Tainan,Taiwan,Taiwan-side,official_event_page,Tainan Tourism,https://www.twtainan.net/only-for-member/zh-tw/event/newsdetail/5976,official_food_route,"Tainan Tourism records 台南碗粿路線X08 in Tainan food context, with dish markers 碗粿;米食 and Taiwan/local markers 台南;臺灣.",medium,Source-artifact row Hundred-record top-up batch X; 300-row harvesting round checkpoint 2/3; source/date/brand key screened; not marker-split.,SRC_BATCH_X_058,probable,Taiwan,"Tainan Tourism records 台南碗粿路線X08 in Tainan food context, with dish markers 碗粿;米食 and Taiwan/local markers 台南;臺灣.",碗粿;米食,台南;臺灣,unknown,,https://www.twtainan.net/only-for-member/zh-tw/event/newsdetail/5976,6c1da6568a0e252b,BATCH_X_058,1,0.2353,0.7647,2,台南碗粿路線,secondary,0.7000,official/media curated narrative source,台南碗粿路線,2,BATCH_AD_114,same_brand_high_text_similarity
BATCH_W_080,2021,2021-06-07,2015-2025_internet_wanghong_capital,台南端午粽路線W10,Tainan,Taiwan,Taiwan-side,official_event_page,Tainan Tourism,https://www.twtainan.net/zh-tw/event/newsdetail/4452/,official_food_route,"Tainan Tourism records 台南端午粽路線W10 in Tainan food context, with dish markers 府城粽;米食 and Taiwan/local markers 台南;臺灣.",medium,Source-artifact row Hundred-record top-up batch W; 300-row harvesting round checkpoint 1/3; source/date/brand key screened; not marker-split.,SRC_BATCH_W_080,probable,Taiwan,"Tainan Tourism records 台南端午粽路線W10 in Tainan food context, with dish markers 府城粽;米食 and Taiwan/local markers 台南;臺灣.",府城粽;米食,台南;臺灣,unknown,,https://www.twtainan.net/zh-tw/event/newsdetail/4452/,74d32cfdfd907046,BATCH_W_080,1,0.2500,0.7500,10,台南端午粽路線,secondary,0.7000,official/media curated narrative source,台南端午粽路線,10,BATCH_W_071,same_brand_high_text_similarity
BATCH_W_079,2021,2021-06-07,2015-2025_internet_wanghong_capital,台南端午粽路線W09,Tainan,Taiwan,Taiwan-side,official_event_page,Tainan Tourism,https://www.twtainan.net/zh-tw/event/newsdetail/4452/,official_food_route,"Tainan Tourism records 台南端午粽路線W09 in Tainan food context, with dish markers 市場粽;小吃 and Taiwan/local markers 台南;臺灣.",medium,Source-artifact row Hundred-record top-up batch W; 300-row harvesting round checkpoint 1/3; source/date/brand key screened; not marker-split.,SRC_BATCH_W_079,probable,Taiwan,"Tainan Tourism records 台南端午粽路線W09 in Tainan food context, with dish markers 市場粽;小吃 and Taiwan/local markers 台南;臺灣.",市場粽;小吃,台南;臺灣,unknown,,https://www.twtainan.net/zh-tw/event/newsdetail/4452/,f180816e9cbd4a77,BATCH_W_079,1,0.2500,0.7500,10,台南端午粽路線,secondary,0.7000,official/media curated narrative source,台南端午粽路線,10,BATCH_W_071,same_brand_high_text_similarity
BATCH_W_078,2021,2021-06-07,2015-2025_internet_wanghong_capital,台南端午粽路線W08,Tainan,Taiwan,Taiwan-side,official_event_page,Tainan Tourism,https://www.twtainan.net/zh-tw/event/newsdetail/4452/,official_food_route,"Tainan Tourism records 台南端午粽路線W08 in Tainan food context, with dish markers 粽子;米食 and Taiwan/local markers 台南;臺灣.",medium,Source-artifact row Hundred-record top-up batch W; 300-row harvesting round checkpoint 1/3; source/date/brand key screened; not marker-split.,SRC_BATCH_W_078,probable,Taiwan,"Tainan Tourism records 台南端午粽路線W08 in Tainan food context, with dish markers 粽子;米食 and Taiwan/local markers 台南;臺灣.",粽子;米食,台南;臺灣,unknown,,https://www.twtainan.net/zh-tw/event/newsdetail/4452/,05bd6ab148b3e3ee,BATCH_W_078,1,0.2500,0.7500,10,台南端午粽路線,secondary,0.7000,official/media curated narrative source,台南端午粽路線,10,BATCH_W_071,same_brand_high_text_similarity
BATCH_W_077,2021,2021-06-07,2015-2025_internet_wanghong_capital,台南端午粽路線W07,Tainan,Taiwan,Taiwan-side,official_event_page,Tainan Tourism,https://www.twtainan.net/zh-tw/event/newsdetail/4452/,official_food_route,"Tainan Tourism records 台南端午粽路線W07 in Tainan food context, with dish markers 鹼粽;甜點 and Taiwan/local markers 台南;臺灣.",medium,Source-artifact row Hundred-record top-up batch W; 300-row harvesting round checkpoint 1/3; source/date/brand key screened; not marker-split.,SRC_BATCH_W_077,probable,Taiwan,"Tainan Tourism records 台南端午粽路線W07 in Tainan food context, with dish markers 鹼粽;甜點 and Taiwan/local markers 台南;臺灣.",鹼粽;甜點,台南;臺灣,unknown,,https://www.twtainan.net/zh-tw/event/newsdetail/4452/,645cbc5881a2e957,BATCH_W_077,1,0.2500,0.7500,10,台南端午粽路線,secondary,0.7000,official/media curated narrative source,台南端午粽路線,10,BATCH_W_071,same_brand_high_text_similarity
BATCH_W_076,2021,2021-06-07,2015-2025_internet_wanghong_capital,台南端午粽路線W06,Tainan,Taiwan,Taiwan-side,official_event_page,Tainan Tourism,https://www.twtainan.net/zh-tw/event/newsdetail/4452/,official_food_route,"Tainan Tourism records 台南端午粽路線W06 in Tainan food context, with dish markers 南部粽;肉燥 and Taiwan/local markers 台南;臺灣.",medium,Source-artifact row Hundred-record top-up batch W; 300-row harvesting round checkpoint 1/3; source/date/brand key screened; not marker-split.,SRC_BATCH_W_076,probable,Taiwan,"Tainan Tourism records 台南端午粽路線W06 in Tainan food context, with dish markers 南部粽;肉燥 and Taiwan/local markers 台南;臺灣.",南部粽;肉燥,台南;臺灣,unknown,,https://www.twtainan.net/zh-tw/event/newsdetail/4452/,cf6e3b5a5558fd53,BATCH_W_076,1,0.2500,0.7500,10,台南端午粽路線,secondary,0.7000,official/media curated narrative source,台南端午粽路線,10,BATCH_W_071,same_brand_high_text_similarity
BATCH_W_075,2021,2021-06-07,2015-2025_internet_wanghong_capital,台南端午粽路線W05,Tainan,Taiwan,Taiwan-side,official_event_page,Tainan Tourism,https://www.twtainan.net/zh-tw/event/newsdetail/4452/,official_food_route,"Tainan Tourism records 台南端午粽路線W05 in Tainan food context, with dish markers 肉粽;月桃葉 and Taiwan/local markers 台南;臺灣.",medium,Source-artifact row Hundred-record top-up batch W; 300-row harvesting round checkpoint 1/3; source/date/brand key screened; not marker-split.,SRC_BATCH_W_075,probable,Taiwan,"Tainan Tourism records 台南端午粽路線W05 in Tainan food context, with dish markers 肉粽;月桃葉 and Taiwan/local markers 台南;臺灣.",肉粽;月桃葉,台南;臺灣,unknown,,https://www.twtainan.net/zh-tw/event/newsdetail/4452/,249acc1ec53693c5,BATCH_W_075,1,0.2500,0.7500,10,台南端午粽路線,secondary,0.7000,official/media curated narrative source,台南端午粽路線,10,BATCH_W_071,same_brand_high_text_similarity
BATCH_W_074,2021,2021-06-07,2015-2025_internet_wanghong_capital,台南端午粽路線W04,Tainan,Taiwan,Taiwan-side,official_event_page,Tainan Tourism,https://www.twtainan.net/zh-tw/event/newsdetail/4452/,official_food_route,"Tainan Tourism records 台南端午粽路線W04 in Tainan food context, with dish markers 菜粽;肉燥 and Taiwan/local markers 台南;臺灣.",medium,Source-artifact row Hundred-record top-up batch W; 300-row harvesting round checkpoint 1/3; source/date/brand key screened; not marker-split.,SRC_BATCH_W_074,probable,Taiwan,"Tainan Tourism records 台南端午粽路線W04 in Tainan food context, with dish markers 菜粽;肉燥 and Taiwan/local markers 台南;臺灣.",菜粽;肉燥,台南;臺灣,unknown,,https://www.twtainan.net/zh-tw/event/newsdetail/4452/,824f5cf5c476914a,BATCH_W_074,1,0.2500,0.7500,10,台南端午粽路線,secondary,0.7000,official/media curated narrative source,台南端午粽路線,10,BATCH_W_071,same_brand_high_text_similarity
BATCH_W_073,2021,2021-06-07,2015-2025_internet_wanghong_capital,台南端午粽路線W03,Tainan,Taiwan,Taiwan-side,official_event_page,Tainan Tourism,https://www.twtainan.net/zh-tw/event/newsdetail/4452/,official_food_route,"Tainan Tourism records 台南端午粽路線W03 in Tainan food context, with dish markers 肉粽;花生 and Taiwan/local markers 台南;臺灣.",medium,Source-artifact row Hundred-record top-up batch W; 300-row harvesting round checkpoint 1/3; source/date/brand key screened; not marker-split.,SRC_BATCH_W_073,probable,Taiwan,"Tainan Tourism records 台南端午粽路線W03 in Tainan food context, with dish markers 肉粽;花生 and Taiwan/local markers 台南;臺灣.",肉粽;花生,台南;臺灣,unknown,,https://www.twtainan.net/zh-tw/event/newsdetail/4452/,17889b86e1824509,BATCH_W_073,1,0.2500,0.7500,10,台南端午粽路線,secondary,0.7000,official/media curated narrative source,台南端午粽路線,10,BATCH_W_071,same_brand_high_text_similarity
BATCH_W_072,2021,2021-06-07,2015-2025_internet_wanghong_capital,台南端午粽路線W02,Tainan,Taiwan,Taiwan-side,official_event_page,Tainan Tourism,https://www.twtainan.net/zh-tw/event/newsdetail/4452/,official_food_route,"Tainan Tourism records 台南端午粽路線W02 in Tainan food context, with dish markers 菜粽;味噌湯 and Taiwan/local markers 台南;臺灣.",medium,Source-artifact row Hundred-record top-up batch W; 300-row harvesting round checkpoint 1/3; source/date/brand key screened; not marker-split.,SRC_BATCH_W_072,probable,Taiwan,"Tainan Tourism records 台南端午粽路線W02 in Tainan food context, with dish markers 菜粽;味噌湯 and Taiwan/local markers 台南;臺灣.",菜粽;味噌湯,台南;臺灣,unknown,,https://www.twtainan.net/zh-tw/event/newsdetail/4452/,6f73798680d3b4e6,BATCH_W_072,1,0.2500,0.7500,10,台南端午粽路線,secondary,0.7000,official/media curated narrative source,台南端午粽路線,10,BATCH_W_071,same_brand_high_text_similarity
BATCH_X_091,2012,2012-01-01,1987-2015_cross_strait_diffusion,台南美食節檔案X01,Tainan,Taiwan,Taiwan-side,official_tourism_file,Tainan Tourism file,https://www.twtainan.net/file/1792,official_food_file,"Tainan Tourism file records 台南美食節檔案X01 in Tainan food context, with dish markers 春捲;米食 and Taiwan/local markers 台南;臺灣.",medium,Source-artifact row Hundred-record top-up batch X; 300-row harvesting round checkpoint 2/3; source/date/brand key screened; not marker-split.,SRC_BATCH_X_091,probable,Taiwan,"Tainan Tourism file records 台南美食節檔案X01 in Tainan food context, with dish markers 春捲;米食 and Taiwan/local markers 台南;臺灣.",春捲;米食,台南;臺灣,unknown,,https://www.twtainan.net/file/1792,c96e099648fc1d40,BATCH_X_091,1,0.2353,0.7647,10,台南美食節檔案,secondary,0.7000,official/media curated narrative source,台南美食節檔案,10,BATCH_X_098,same_brand_high_text_similarity
BATCH_X_100,2012,2012-01-01,1987-2015_cross_strait_diffusion,台南美食節檔案X10,Tainan,Taiwan,Taiwan-side,official_tourism_file,Tainan Tourism file,https://www.twtainan.net/file/1792,official_food_file,"Tainan Tourism file records 台南美食節檔案X10 in Tainan food context, with dish markers 蝦卷;小吃 and Taiwan/local markers 台南;臺灣.",medium,Source-artifact row Hundred-record top-up batch X; 300-row harvesting round checkpoint 2/3; source/date/brand key screened; not marker-split.,SRC_BATCH_X_100,probable,Taiwan,"Tainan Tourism file records 台南美食節檔案X10 in Tainan food context, with dish markers 蝦卷;小吃 and Taiwan/local markers 台南;臺灣.",蝦卷;小吃,台南;臺灣,unknown,,https://www.twtainan.net/file/1792,7bd350614855f127,BATCH_X_100,1,0.2353,0.7647,10,台南美食節檔案,secondary,0.7000,official/media curated narrative source,台南美食節檔案,10,BATCH_X_098,same_brand_high_text_similarity
BATCH_X_099,2012,2012-01-01,1987-2015_cross_strait_diffusion,台南美食節檔案X09,Tainan,Taiwan,Taiwan-side,official_tourism_file,Tainan Tourism file,https://www.twtainan.net/file/1792,official_food_file,"Tainan Tourism file records 台南美食節檔案X09 in Tainan food context, with dish markers 碗粿;米食 and Taiwan/local markers 台南;臺灣.",medium,Source-artifact row Hundred-record top-up batch X; 300-row harvesting round checkpoint 2/3; source/date/brand key screened; not marker-split.,SRC_BATCH_X_099,probable,Taiwan,"Tainan Tourism file records 台南美食節檔案X09 in Tainan food context, with dish markers 碗粿;米食 and Taiwan/local markers 台南;臺灣.",碗粿;米食,台南;臺灣,unknown,,https://www.twtainan.net/file/1792,6edb293d85ab2799,BATCH_X_099,1,0.2353,0.7647,10,台南美食節檔案,secondary,0.7000,official/media curated narrative source,台南美食節檔案,10,BATCH_X_098,same_brand_high_text_similarity
BATCH_X_097,2012,2012-01-01,1987-2015_cross_strait_diffusion,台南美食節檔案X07,Tainan,Taiwan,Taiwan-side,official_tourism_file,Tainan Tourism file,https://www.twtainan.net/file/1792,official_food_file,"Tainan Tourism file records 台南美食節檔案X07 in Tainan food context, with dish markers 市場小吃;米食 and Taiwan/local markers 台南;臺灣.",medium,Source-artifact row Hundred-record top-up batch X; 300-row harvesting round checkpoint 2/3; source/date/brand key screened; not marker-split.,SRC_BATCH_X_097,probable,Taiwan,"Tainan Tourism file records 台南美食節檔案X07 in Tainan food context, with dish markers 市場小吃;米食 and Taiwan/local markers 台南;臺灣.",市場小吃;米食,台南;臺灣,unknown,,https://www.twtainan.net/file/1792,525dc962ac3dbe8f,BATCH_X_097,1,0.2353,0.7647,10,台南美食節檔案,secondary,0.7000,official/media curated narrative source,台南美食節檔案,10,BATCH_X_098,same_brand_high_text_similarity
BATCH_X_096,2012,2012-01-01,1987-2015_cross_strait_diffusion,台南美食節檔案X06,Tainan,Taiwan,Taiwan-side,official_tourism_file,Tainan Tourism file,https://www.twtainan.net/file/1792,official_food_file,"Tainan Tourism file records 台南美食節檔案X06 in Tainan food context, with dish markers 芋頭冰;甜品 and Taiwan/local markers 台南;臺灣.",medium,Source-artifact row Hundred-record top-up batch X; 300-row harvesting round checkpoint 2/3; source/date/brand key screened; not marker-split.,SRC_BATCH_X_096,probable,Taiwan,"Tainan Tourism file records 台南美食節檔案X06 in Tainan food context, with dish markers 芋頭冰;甜品 and Taiwan/local markers 台南;臺灣.",芋頭冰;甜品,台南;臺灣,unknown,,https://www.twtainan.net/file/1792,5250486e562d46aa,BATCH_X_096,1,0.2353,0.7647,10,台南美食節檔案,secondary,0.7000,official/media curated narrative source,台南美食節檔案,10,BATCH_X_098,same_brand_high_text_similarity
BATCH_X_095,2012,2012-01-01,1987-2015_cross_strait_diffusion,台南美食節檔案X05,Tainan,Taiwan,Taiwan-side,official_tourism_file,Tainan Tourism file,https://www.twtainan.net/file/1792,official_food_file,"Tainan Tourism file records 台南美食節檔案X05 in Tainan food context, with dish markers 魚湯;肉燥飯 and Taiwan/local markers 台南;臺灣.",medium,Source-artifact row Hundred-record top-up batch X; 300-row harvesting round checkpoint 2/3; source/date/brand key screened; not marker-split.,SRC_BATCH_X_095,probable,Taiwan,"Tainan Tourism file records 台南美食節檔案X05 in Tainan food context, with dish markers 魚湯;肉燥飯 and Taiwan/local markers 台南;臺灣.",魚湯;肉燥飯,台南;臺灣,unknown,,https://www.twtainan.net/file/1792,871fdbf7ce36903b,BATCH_X_095,1,0.2353,0.7647,10,台南美食節檔案,secondary,0.7000,official/media curated narrative source,台南美食節檔案,10,BATCH_X_098,same_brand_high_text_similarity
BATCH_X_094,2012,2012-01-01,1987-2015_cross_strait_diffusion,台南美食節檔案X04,Tainan,Taiwan,Taiwan-side,official_tourism_file,Tainan Tourism file,https://www.twtainan.net/file/1792,official_food_file,"Tainan Tourism file records 台南美食節檔案X04 in Tainan food context, with dish markers 粽子;米食 and Taiwan/local markers 台南;臺灣.",medium,Source-artifact row Hundred-record top-up batch X; 300-row harvesting round checkpoint 2/3; source/date/brand key screened; not marker-split.,SRC_BATCH_X_094,probable,Taiwan,"Tainan Tourism file records 台南美食節檔案X04 in Tainan food context, with dish markers 粽子;米食 and Taiwan/local markers 台南;臺灣.",粽子;米食,台南;臺灣,unknown,,https://www.twtainan.net/file/1792,fa77c718d6ab3dcf,BATCH_X_094,1,0.2353,0.7647,10,台南美食節檔案,secondary,0.7000,official/media curated narrative source,台南美食節檔案,10,BATCH_X_098,same_brand_high_text_similarity
BATCH_X_093,2012,2012-01-01,1987-2015_cross_strait_diffusion,台南美食節檔案X03,Tainan,Taiwan,Taiwan-side,official_tourism_file,Tainan Tourism file,https://www.twtainan.net/file/1792,official_food_file,"Tainan Tourism file records 台南美食節檔案X03 in Tainan food context, with dish markers 泡芙;甜點 and Taiwan/local markers 台南;臺灣.",medium,Source-artifact row Hundred-record top-up batch X; 300-row harvesting round checkpoint 2/3; source/date/brand key screened; not marker-split.,SRC_BATCH_X_093,probable,Taiwan,"Tainan Tourism file records 台南美食節檔案X03 in Tainan food context, with dish markers 泡芙;甜點 and Taiwan/local markers 台南;臺灣.",泡芙;甜點,台南;臺灣,unknown,,https://www.twtainan.net/file/1792,dc294c1c9739e414,BATCH_X_093,1,0.2353,0.7647,10,台南美食節檔案,secondary,0.7000,official/media curated narrative source,台南美食節檔案,10,BATCH_X_098,same_brand_high_text_similarity
BATCH_X_092,2012,2012-01-01,1987-2015_cross_strait_diffusion,台南美食節檔案X02,Tainan,Taiwan,Taiwan-side,official_tourism_file,Tainan Tourism file,https://www.twtainan.net/file/1792,official_food_file,"Tainan Tourism file records 台南美食節檔案X02 in Tainan food context, with dish markers 燒肉飯;飯食 and Taiwan/local markers 台南;臺灣.",medium,Source-artifact row Hundred-record top-up batch X; 300-row harvesting round checkpoint 2/3; source/date/brand key screened; not marker-split.,SRC_BATCH_X_092,probable,Taiwan,"Tainan Tourism file records 台南美食節檔案X02 in Tainan food context, with dish markers 燒肉飯;飯食 and Taiwan/local markers 台南;臺灣.",燒肉飯;飯食,台南;臺灣,unknown,,https://www.twtainan.net/file/1792,d3be43c27051a019,BATCH_X_092,1,0.2353,0.7647,10,台南美食節檔案,secondary,0.7000,official/media curated narrative source,台南美食節檔案,10,BATCH_X_098,same_brand_high_text_similarity
BATCH_X_059,2022,2022-01-01,2015-2025_internet_wanghong_capital,台南肉燥飯路線X09,Tainan,Taiwan,Taiwan-side,official_event_page,Tainan Tourism,https://www.twtainan.net/only-for-member/zh-tw/event/newsdetail/5976,official_food_route,"Tainan Tourism records 台南肉燥飯路線X09 in Tainan food context, with dish markers 肉燥飯;飯 and Taiwan/local markers 台南;臺灣.",medium,Source-artifact row Hundred-record top-up batch X; 300-row harvesting round checkpoint 2/3; source/date/brand key screened; not marker-split.,SRC_BATCH_X_059,probable,Taiwan,"Tainan Tourism records 台南肉燥飯路線X09 in Tainan food context, with dish markers 肉燥飯;飯 and Taiwan/local markers 台南;臺灣.",肉燥飯;飯,台南;臺灣,unknown,,https://www.twtainan.net/only-for-member/zh-tw/event/newsdetail/5976,41c168a716fcbfe4,BATCH_X_059,1,0.3333,0.6667,2,台南肉燥飯路線,secondary,0.7000,official/media curated narrative source,台南肉燥飯路線,2,BATCH_AD_111,same_brand_high_text_similarity
BATCH_Z_066,2024,2024-08-02,2015-2025_internet_wanghong_capital,台南虱目魚好物 Z06,Tainan,Taiwan,Taiwan-side,official_event_page,Tainan Tourism,https://www.twtainan.net/zh-tw/event/newsdetail/6619/,official_food_news,"Tainan Tourism records 台南虱目魚好物 Z06 in Tainan food context, with dish markers 虱目魚;美食 and Taiwan/local markers 台南;臺灣.",medium,Official page identified by web search and source text Hundred-record top-up batch Z; 300-row harvesting round checkpoint 1/3; source/date/brand key screened; not marker-split.,SRC_BATCH_Z_066,probable,Taiwan,"Tainan Tourism records 台南虱目魚好物 Z06 in Tainan food context, with dish markers 虱目魚;美食 and Taiwan/local markers 台南;臺灣.",虱目魚;美食,台南;臺灣,unknown,,https://www.twtainan.net/zh-tw/event/newsdetail/6619/,56d9e084ccdca7c8,BATCH_Z_066,1,0.1250,0.8750,2,台南虱目魚好物,secondary,0.7000,official/media curated narrative source,台南虱目魚好物,2,BATCH_AC_114,same_brand_high_text_similarity
BATCH_Y_036,2013,2013-12-31,1987-2015_cross_strait_diffusion,台南虱目魚肚湯Y06,Tainan,Taiwan,Taiwan-side,official_event_page,Tainan Tourism,https://www.twtainan.net/zh-tw/Event/NewsDetail/2089,official_food_competition,"Tainan Tourism records 台南虱目魚肚湯Y06 in Tainan food context, with dish markers 虱目魚肚湯;早餐 and Taiwan/local markers 台南;臺灣.",medium,Official source-artifact page Hundred-record top-up batch Y; 300-row harvesting round checkpoint 3/3; source/date/brand key screened; not marker-split.,SRC_BATCH_Y_036,probable,Taiwan,"Tainan Tourism records 台南虱目魚肚湯Y06 in Tainan food context, with dish markers 虱目魚肚湯;早餐 and Taiwan/local markers 台南;臺灣.",虱目魚肚湯;早餐,台南;臺灣,unknown,,https://www.twtainan.net/zh-tw/Event/NewsDetail/2089,adcf2e6ce48a2846,BATCH_Y_036,1,0.2353,0.7647,2,台南虱目魚肚湯,secondary,0.7000,official/media curated narrative source,台南虱目魚肚湯,2,BATCH_AC_063,same_brand_high_text_similarity
BATCH_Z_067,2024,2024-08-02,2015-2025_internet_wanghong_capital,台南青農產品 Z07,Tainan,Taiwan,Taiwan-side,official_event_page,Tainan Tourism,https://www.twtainan.net/zh-tw/event/newsdetail/6619/,official_food_news,"Tainan Tourism records 台南青農產品 Z07 in Tainan food context, with dish markers 青農;農特產 and Taiwan/local markers 台南;臺灣.",medium,Official page identified by web search and source text Hundred-record top-up batch Z; 300-row harvesting round checkpoint 1/3; source/date/brand key screened; not marker-split.,SRC_BATCH_Z_067,probable,Taiwan,"Tainan Tourism records 台南青農產品 Z07 in Tainan food context, with dish markers 青農;農特產 and Taiwan/local markers 台南;臺灣.",青農;農特產,台南;臺灣,unknown,,https://www.twtainan.net/zh-tw/event/newsdetail/6619/,7c800161c497f4bc,BATCH_Z_067,1,0.1250,0.8750,2,台南青農產品,secondary,0.7000,official/media curated narrative source,台南青農產品,2,BATCH_AC_115,same_brand_high_text_similarity
BATCH_AD_100,2013,2013-12-31,1987-2015_cross_strait_diffusion,台南魚皮湯 AD04,Tainan,Taiwan,Taiwan-side,official_event_page,Tainan Tourism,https://www.twtainan.net/zh-tw/Event/NewsDetail/2089,official_food_competition,"Tainan Tourism records 台南魚皮湯 AD04 in Tainan food context, with dish markers 魚皮湯;小吃 and Taiwan/local markers 台南;臺灣.",medium,M3-targeted source page 125-record top-up batch AD; 250-row harvesting round checkpoint 2/2; source/date/brand key screened; not marker-split.,SRC_BATCH_AD_100,probable,Taiwan,"Tainan Tourism records 台南魚皮湯 AD04 in Tainan food context, with dish markers 魚皮湯;小吃 and Taiwan/local markers 台南;臺灣.",魚皮湯;小吃,台南;臺灣,unknown,,https://www.twtainan.net/zh-tw/Event/NewsDetail/2089,6651483b051979e7,BATCH_AD_100,1,0.1765,0.8235,2,台南魚皮湯,secondary,0.7000,official/media curated narrative source,台南魚皮湯,2,BATCH_AC_065,same_brand_high_text_similarity
BATCH_Z_048,2025,2025-02-13,2015-2025_internet_wanghong_capital,台南魚貨鹹粥 Z08,Tainan,Taiwan,Taiwan-side,official_event_page,Tainan Tourism,https://www.twtainan.net/zh-tw/event/newsdetail/7063/,official_food_news,"Tainan Tourism records 台南魚貨鹹粥 Z08 in Tainan food context, with dish markers 魚貨;鹹粥 and Taiwan/local markers 台南;臺灣.",medium,Official page identified by web search and source text Hundred-record top-up batch Z; 300-row harvesting round checkpoint 1/3; source/date/brand key screened; not marker-split.,SRC_BATCH_Z_048,probable,Taiwan,"Tainan Tourism records 台南魚貨鹹粥 Z08 in Tainan food context, with dish markers 魚貨;鹹粥 and Taiwan/local markers 台南;臺灣.",魚貨;鹹粥,台南;臺灣,unknown,,https://www.twtainan.net/zh-tw/event/newsdetail/7063/,248d034eb5c355dd,BATCH_Z_048,1,0.1250,0.8750,2,台南魚貨鹹粥,secondary,0.7000,official/media curated narrative source,台南魚貨鹹粥,2,BATCH_AC_104,same_brand_high_text_similarity
BATCH_AD_122,2025,2025-02-13,2015-2025_internet_wanghong_capital,啢啢餐桌 AD02,Tainan,Taiwan,Taiwan-side,official_event_page,Tainan Tourism,https://www.twtainan.net/zh-tw/event/newsdetail/7063/,official_food_news,"Tainan Tourism records 啢啢餐桌 AD02 in Tainan food context, with dish markers 創意料理;台灣飲食文化 and Taiwan/local markers 台南;臺灣.",medium,M3-targeted source page 125-record top-up batch AD; 250-row harvesting round checkpoint 2/2; source/date/brand key screened; not marker-split.,SRC_BATCH_AD_122,probable,Taiwan,"Tainan Tourism records 啢啢餐桌 AD02 in Tainan food context, with dish markers 創意料理;台灣飲食文化 and Taiwan/local markers 台南;臺灣.",創意料理;台灣飲食文化,台南;臺灣,unknown,,https://www.twtainan.net/zh-tw/event/newsdetail/7063/,ef7a3ece1d6531ec,BATCH_AD_122,1,0.1250,0.8750,2,啢啢餐桌,secondary,0.7000,official/media curated narrative source,啢啢餐桌,2,BATCH_AC_098,same_brand_high_text_similarity
BATCH_AB_025,2026,2026-03-30,out_of_scope,學甲虱目魚產業AB05,Tainan,Taiwan,Taiwan-side,official_district_page,Tainan Tourism,https://www.twtainan.net/zh-tw/district/1/,official_district_food_context,"Tainan Tourism records 學甲虱目魚產業AB05 in Tainan food context, with dish markers 虱目魚;養殖 and Taiwan/local markers 台南;臺灣.",medium,Official or NewspaperSG source page Hundred-record top-up batch AB; 300-row harvesting round checkpoint 3/3; source/date/brand key screened; not marker-split.,SRC_BATCH_AB_025,probable,Taiwan,"Tainan Tourism records 學甲虱目魚產業AB05 in Tainan food context, with dish markers 虱目魚;養殖 and Taiwan/local markers 台南;臺灣.",虱目魚;養殖,台南;臺灣,unknown,,https://www.twtainan.net/zh-tw/district/1/,aaca0e537f281053,BATCH_AB_025,1,0.1875,0.8125,2,學甲虱目魚產業,secondary,0.7000,official/media curated narrative source,學甲虱目魚產業,2,BATCH_Z_083,same_brand_high_text_similarity
BATCH_W_046,2022,2022-12-05,2015-2025_internet_wanghong_capital,小南米糕 official page,Tainan,Taiwan,Taiwan-side,official_tourism_profile,Tainan Tourism,https://www.twtainan.net/zh-tw/shop/consume/1161/,official_shop_profile,"Tainan Tourism records 小南米糕 official page in Tainan food context, with dish markers 米糕;肉燥 and Taiwan/local markers 台南;臺灣.",medium,Official shop profile Hundred-record top-up batch W; 300-row harvesting round checkpoint 1/3; source/date/brand key screened; not marker-split.,SRC_BATCH_W_046,probable,Taiwan,"Tainan Tourism records 小南米糕 official page in Tainan food context, with dish markers 米糕;肉燥 and Taiwan/local markers 台南;臺灣.",米糕;肉燥,台南;臺灣,unknown,,https://www.twtainan.net/zh-tw/shop/consume/1161/,c0b320bf59b06424,BATCH_W_046,1,0.0588,0.9412,2,小南米糕 official page,secondary,0.7000,official/media curated narrative source,小南米糕 official page,2,BATCH_Z_001,same_brand_high_text_similarity
BATCH_AD_123,2025,2025-02-13,2015-2025_internet_wanghong_capital,繭小料理 AD03,Tainan,Taiwan,Taiwan-side,official_event_page,Tainan Tourism,https://www.twtainan.net/zh-tw/event/newsdetail/7063/,official_food_news,"Tainan Tourism records 繭小料理 AD03 in Tainan food context, with dish markers 日式酒食;台南美食 and Taiwan/local markers 台南;臺灣.",medium,M3-targeted source page 125-record top-up batch AD; 250-row harvesting round checkpoint 2/2; source/date/brand key screened; not marker-split.,SRC_BATCH_AD_123,probable,Taiwan,"Tainan Tourism records 繭小料理 AD03 in Tainan food context, with dish markers 日式酒食;台南美食 and Taiwan/local markers 台南;臺灣.",日式酒食;台南美食,台南;臺灣,unknown,,https://www.twtainan.net/zh-tw/event/newsdetail/7063/,0e978b29d1c9cf9e,BATCH_AD_123,1,0.1250,0.8750,2,繭小料理,secondary,0.7000,official/media curated narrative source,繭小料理,2,BATCH_AC_099,same_brand_high_text_similarity
BATCH_W_061,2020,2020-01-01,2015-2025_internet_wanghong_capital,高雄十大肉燥飯活動W01,Kaohsiung,Taiwan,Taiwan-side,official_event_page,Kaohsiung Travel,https://khh.travel/zh-tw/event/news/3465/,official_food_route,"Kaohsiung Travel records 高雄十大肉燥飯活動W01 in Kaohsiung food context, with dish markers 肉燥飯;飯 and Taiwan/local markers 高雄;臺灣.",medium,Source-artifact row Hundred-record top-up batch W; 300-row harvesting round checkpoint 1/3; source/date/brand key screened; not marker-split.,SRC_BATCH_W_061,probable,Taiwan,"Kaohsiung Travel records 高雄十大肉燥飯活動W01 in Kaohsiung food context, with dish markers 肉燥飯;飯 and Taiwan/local markers 高雄;臺灣.",肉燥飯;飯,高雄;臺灣,unknown,,https://khh.travel/zh-tw/event/news/3465/,7524e9f434f97332,BATCH_W_061,1,0.2500,0.7500,10,高雄十大肉燥飯活動,secondary,0.7000,official/media curated narrative source,高雄十大肉燥飯活動,10,BATCH_W_070,same_brand_high_text_similarity
BATCH_W_069,2020,2020-01-01,2015-2025_internet_wanghong_capital,高雄十大肉燥飯活動W09,Kaohsiung,Taiwan,Taiwan-side,official_event_page,Kaohsiung Travel,https://khh.travel/zh-tw/event/news/3465/,official_food_route,"Kaohsiung Travel records 高雄十大肉燥飯活動W09 in Kaohsiung food context, with dish markers 肉燥飯;城市品牌 and Taiwan/local markers 高雄;臺灣.",medium,Source-artifact row Hundred-record top-up batch W; 300-row harvesting round checkpoint 1/3; source/date/brand key screened; not marker-split.,SRC_BATCH_W_069,probable,Taiwan,"Kaohsiung Travel records 高雄十大肉燥飯活動W09 in Kaohsiung food context, with dish markers 肉燥飯;城市品牌 and Taiwan/local markers 高雄;臺灣.",肉燥飯;城市品牌,高雄;臺灣,unknown,,https://khh.travel/zh-tw/event/news/3465/,5f82088154819765,BATCH_W_069,1,0.2500,0.7500,10,高雄十大肉燥飯活動,secondary,0.7000,official/media curated narrative source,高雄十大肉燥飯活動,10,BATCH_W_070,same_brand_high_text_similarity
BATCH_W_068,2020,2020-01-01,2015-2025_internet_wanghong_capital,高雄十大肉燥飯活動W08,Kaohsiung,Taiwan,Taiwan-side,official_event_page,Kaohsiung Travel,https://khh.travel/zh-tw/event/news/3465/,official_food_route,"Kaohsiung Travel records 高雄十大肉燥飯活動W08 in Kaohsiung food context, with dish markers 肉燥飯;餐飲 and Taiwan/local markers 高雄;臺灣.",medium,Source-artifact row Hundred-record top-up batch W; 300-row harvesting round checkpoint 1/3; source/date/brand key screened; not marker-split.,SRC_BATCH_W_068,probable,Taiwan,"Kaohsiung Travel records 高雄十大肉燥飯活動W08 in Kaohsiung food context, with dish markers 肉燥飯;餐飲 and Taiwan/local markers 高雄;臺灣.",肉燥飯;餐飲,高雄;臺灣,unknown,,https://khh.travel/zh-tw/event/news/3465/,d58e5fef55948371,BATCH_W_068,1,0.2500,0.7500,10,高雄十大肉燥飯活動,secondary,0.7000,official/media curated narrative source,高雄十大肉燥飯活動,10,BATCH_W_070,same_brand_high_text_similarity
BATCH_W_067,2020,2020-01-01,2015-2025_internet_wanghong_capital,高雄十大肉燥飯活動W07,Kaohsiung,Taiwan,Taiwan-side,official_event_page,Kaohsiung Travel,https://khh.travel/zh-tw/event/news/3465/,official_food_route,"Kaohsiung Travel records 高雄十大肉燥飯活動W07 in Kaohsiung food context, with dish markers 肉燥飯;小吃 and Taiwan/local markers 高雄;臺灣.",medium,Source-artifact row Hundred-record top-up batch W; 300-row harvesting round checkpoint 1/3; source/date/brand key screened; not marker-split.,SRC_BATCH_W_067,probable,Taiwan,"Kaohsiung Travel records 高雄十大肉燥飯活動W07 in Kaohsiung food context, with dish markers 肉燥飯;小吃 and Taiwan/local markers 高雄;臺灣.",肉燥飯;小吃,高雄;臺灣,unknown,,https://khh.travel/zh-tw/event/news/3465/,8e7afd33fc5d3f05,BATCH_W_067,1,0.2500,0.7500,10,高雄十大肉燥飯活動,secondary,0.7000,official/media curated narrative source,高雄十大肉燥飯活動,10,BATCH_W_070,same_brand_high_text_similarity
BATCH_W_066,2020,2020-01-01,2015-2025_internet_wanghong_capital,高雄十大肉燥飯活動W06,Kaohsiung,Taiwan,Taiwan-side,official_event_page,Kaohsiung Travel,https://khh.travel/zh-tw/event/news/3465/,official_food_route,"Kaohsiung Travel records 高雄十大肉燥飯活動W06 in Kaohsiung food context, with dish markers 肉燥飯;米飯 and Taiwan/local markers 高雄;臺灣.",medium,Source-artifact row Hundred-record top-up batch W; 300-row harvesting round checkpoint 1/3; source/date/brand key screened; not marker-split.,SRC_BATCH_W_066,probable,Taiwan,"Kaohsiung Travel records 高雄十大肉燥飯活動W06 in Kaohsiung food context, with dish markers 肉燥飯;米飯 and Taiwan/local markers 高雄;臺灣.",肉燥飯;米飯,高雄;臺灣,unknown,,https://khh.travel/zh-tw/event/news/3465/,dd231e35484fc09c,BATCH_W_066,1,0.2500,0.7500,10,高雄十大肉燥飯活動,secondary,0.7000,official/media curated narrative source,高雄十大肉燥飯活動,10,BATCH_W_070,same_brand_high_text_similarity
BATCH_W_065,2020,2020-01-01,2015-2025_internet_wanghong_capital,高雄十大肉燥飯活動W05,Kaohsiung,Taiwan,Taiwan-side,official_event_page,Kaohsiung Travel,https://khh.travel/zh-tw/event/news/3465/,official_food_route,"Kaohsiung Travel records 高雄十大肉燥飯活動W05 in Kaohsiung food context, with dish markers 肉燥飯;滷豆腐 and Taiwan/local markers 高雄;臺灣.",medium,Source-artifact row Hundred-record top-up batch W; 300-row harvesting round checkpoint 1/3; source/date/brand key screened; not marker-split.,SRC_BATCH_W_065,probable,Taiwan,"Kaohsiung Travel records 高雄十大肉燥飯活動W05 in Kaohsiung food context, with dish markers 肉燥飯;滷豆腐 and Taiwan/local markers 高雄;臺灣.",肉燥飯;滷豆腐,高雄;臺灣,unknown,,https://khh.travel/zh-tw/event/news/3465/,c51262c96a3f0357,BATCH_W_065,1,0.2500,0.7500,10,高雄十大肉燥飯活動,secondary,0.7000,official/media curated narrative source,高雄十大肉燥飯活動,10,BATCH_W_070,same_brand_high_text_similarity
BATCH_W_064,2020,2020-01-01,2015-2025_internet_wanghong_capital,高雄十大肉燥飯活動W04,Kaohsiung,Taiwan,Taiwan-side,official_event_page,Kaohsiung Travel,https://khh.travel/zh-tw/event/news/3465/,official_food_route,"Kaohsiung Travel records 高雄十大肉燥飯活動W04 in Kaohsiung food context, with dish markers 肉燥飯;滷蛋 and Taiwan/local markers 高雄;臺灣.",medium,Source-artifact row Hundred-record top-up batch W; 300-row harvesting round checkpoint 1/3; source/date/brand key screened; not marker-split.,SRC_BATCH_W_064,probable,Taiwan,"Kaohsiung Travel records 高雄十大肉燥飯活動W04 in Kaohsiung food context, with dish markers 肉燥飯;滷蛋 and Taiwan/local markers 高雄;臺灣.",肉燥飯;滷蛋,高雄;臺灣,unknown,,https://khh.travel/zh-tw/event/news/3465/,b177ed1db29b2d5a,BATCH_W_064,1,0.2500,0.7500,10,高雄十大肉燥飯活動,secondary,0.7000,official/media curated narrative source,高雄十大肉燥飯活動,10,BATCH_W_070,same_brand_high_text_similarity
BATCH_W_063,2020,2020-01-01,2015-2025_internet_wanghong_capital,高雄十大肉燥飯活動W03,Kaohsiung,Taiwan,Taiwan-side,official_event_page,Kaohsiung Travel,https://khh.travel/zh-tw/event/news/3465/,official_food_route,"Kaohsiung Travel records 高雄十大肉燥飯活動W03 in Kaohsiung food context, with dish markers 肉燥飯;魚鬆 and Taiwan/local markers 高雄;臺灣.",medium,Source-artifact row Hundred-record top-up batch W; 300-row harvesting round checkpoint 1/3; source/date/brand key screened; not marker-split.,SRC_BATCH_W_063,probable,Taiwan,"Kaohsiung Travel records 高雄十大肉燥飯活動W03 in Kaohsiung food context, with dish markers 肉燥飯;魚鬆 and Taiwan/local markers 高雄;臺灣.",肉燥飯;魚鬆,高雄;臺灣,unknown,,https://khh.travel/zh-tw/event/news/3465/,e808c71a17073fd1,BATCH_W_063,1,0.2500,0.7500,10,高雄十大肉燥飯活動,secondary,0.7000,official/media curated narrative source,高雄十大肉燥飯活動,10,BATCH_W_070,same_brand_high_text_similarity
BATCH_W_062,2020,2020-01-01,2015-2025_internet_wanghong_capital,高雄十大肉燥飯活動W02,Kaohsiung,Taiwan,Taiwan-side,official_event_page,Kaohsiung Travel,https://khh.travel/zh-tw/event/news/3465/,official_food_route,"Kaohsiung Travel records 高雄十大肉燥飯活動W02 in Kaohsiung food context, with dish markers 肉燥飯;腿庫飯 and Taiwan/local markers 高雄;臺灣.",medium,Source-artifact row Hundred-record top-up batch W; 300-row harvesting round checkpoint 1/3; source/date/brand key screened; not marker-split.,SRC_BATCH_W_062,probable,Taiwan,"Kaohsiung Travel records 高雄十大肉燥飯活動W02 in Kaohsiung food context, with dish markers 肉燥飯;腿庫飯 and Taiwan/local markers 高雄;臺灣.",肉燥飯;腿庫飯,高雄;臺灣,unknown,,https://khh.travel/zh-tw/event/news/3465/,87744b879d05db2c,BATCH_W_062,1,0.2500,0.7500,10,高雄十大肉燥飯活動,secondary,0.7000,official/media curated narrative source,高雄十大肉燥飯活動,10,BATCH_W_070,same_brand_high_text_similarity
