file,risk_type,match,snippet,action
README.md,github_url,<redacted:github_url>,"rical Semantics of Taiwaneseness*. GitHub repository, 2026. <redacted:github_url>",remove_or_replace_for_anonymous_review
README.md,identity_term,<redacted:identity_term>,"hip Regimes, and Platform Logics (1940-2025).""** Author: **<redacted:identity_term>**. ## Research Object This project does not ask whether a",remove_or_replace_for_anonymous_review
README.md,identity_term,<redacted:identity_term>,"If you use this corpus design or pipeline, please cite: > <redacted:identity_term>. *Corpus Engineering for the Geo-Historical Semantics of Ta",remove_or_replace_for_anonymous_review
README.md,identity_term,<redacted:identity_term>,"Taiwaneseness*. GitHub repository, 2026. <redacted:github_url>",remove_or_replace_for_anonymous_review
analysis/producer_consumer_outliers_outputs/analysis_summary.csv,local_user_path,<redacted:local_user_path>,"re,reason_counts producer_consumer,ok,seed_platform_sample,,<redacted:local_user_path> as a consumed cultural sign/data/seed_merchants.csv,<redacted:local_user_path>",remove_or_replace_for_anonymous_review
analysis/producer_consumer_outliers_outputs/analysis_summary.csv,local_user_path,<redacted:local_user_path>,"eseness as a consumed cultural sign/data/seed_merchants.csv,<redacted:local_user_path> as a consumed cultural sign/data/seed_reviews.csv,9.0,5.0,5",remove_or_replace_for_anonymous_review
analysis/producer_consumer_outliers_outputs/analysis_summary.csv,identity_term,<redacted:identity_term>,"on_counts producer_consumer,ok,seed_platform_sample,,<redacted:local_user_path> as a consumed cultural sign/data/seed",remove_or_replace_for_anonymous_review
analysis/producer_consumer_outliers_outputs/analysis_summary.csv,identity_term,<redacted:identity_term>,"as a consumed cultural sign/data/seed_merchants.csv,<redacted:local_user_path> as a consumed cultural sign/data/seed",remove_or_replace_for_anonymous_review
working/methodology_experimental_design_draft_20260604.md,identity_term,<redacted:identity_term>,设计与方法论草稿 项目：Taiwaneseness as a Consumed Cultural Sign 作者：<redacted:identity_term> 日期：2026-06-04 性质：本地工作稿，用于论文方法论与实验设计章节拆分改写。 ## 1. 研究对象与,remove_or_replace_for_anonymous_review
