journal_id,priority,journal,fit,likely_article_type,submission_strategy,verify_before_submission
JRN_001,first,Food and Foodways,Very high for food culture identity national cuisine and historical interpretation,Empirical cultural analysis,Emphasize historical-cultural argument and cite related food/national cuisine scholarship,Aims scope length current submission portal metrics recent issues
JRN_002,first,Asian Journal of Social Science,High for Asian cultural and social analysis of cross-border symbolic mobility,Regional social science article,Emphasize China-Taiwan cultural circulation and platform-mediated consumer discourse,Aims scope publisher portal article length recent related publications
JRN_003,first,International Journal of Humanities and Arts Computing,High for corpus engineering and computational humanities method,Methodology paper,Emphasize reproducible architecture audit gates binding indices and case-study payoff,Aims scope technical expectations article length submission requirements
JRN_004,second,Digital Humanities Quarterly,High for corpus methodology and audit framework,Methodology paper,Emphasize digital humanities contribution and open workflow,Current submission status style guide review timeline
JRN_005,second,Digital Scholarship in the Humanities,High but more competitive digital humanities venue,Methodology/empirical hybrid,Emphasize computational contribution and humanities significance,Current aims scope length metrics data policy
JRN_006,second,Discourse Studies,Moderate if consumer stance and platform discourse become central,Discourse analysis article,Emphasize merchant/review stance and discourse categories,Aims scope fit with food/platform data
JRN_007,second,Gastronomica,Moderate for cultural food essay with empirical grounding,Cultural food studies article,Emphasize narrative and cultural interpretation over technical architecture,Current length submission system style and review policy
JRN_008,third,Computational Culture,Possible if computation/platform mediation becomes theoretical center,Computational culture article,Emphasize platform infrastructures and cultural computation,Current calls scope and submission process

