merchant_id,city,shop_name,review_count,binding_present,merchant_geographic_score,consumer_geographic_mean_score,gap_geographic,merchant_nostalgia_score,consumer_nostalgia_mean_score,gap_nostalgia,merchant_night_market_score,consumer_night_market_mean_score,gap_night_market,merchant_authenticity_score,consumer_authenticity_mean_score,gap_authenticity,merchant_platform_fast_food_score,consumer_platform_fast_food_mean_score,gap_platform_fast_food
M_SEED_001,Shanghai,阿元来了台湾卤肉饭,0,1,0.053846,0.000000,0.053846,0.000000,0.000000,0.000000,0.023077,0.000000,0.023077,0.046154,0.000000,0.046154,0.000000,0.000000,0.000000
M_SEED_002,Shanghai,捡角台湾食堂,4,1,0.042105,0.036054,0.006051,0.000000,0.000000,0.000000,0.031579,0.014151,0.017428,0.031579,0.009434,0.022145,0.010526,0.021766,-0.011239
M_SEED_003,Shanghai,叁店,1,1,0.090909,0.025000,0.065909,0.000000,0.000000,0.000000,0.060606,0.000000,0.060606,0.000000,0.000000,0.000000,0.060606,0.075000,-0.014394
M_SEED_004,Shanghai,家里没煮 x 创新台湾菜,0,1,0.020000,0.000000,0.020000,0.000000,0.000000,0.000000,0.000000,0.000000,0.000000,0.000000,0.000000,0.000000,0.010000,0.000000,0.010000
M_SEED_005,Shanghai,叁店·台湾滷肉饭,0,1,0.038961,0.000000,0.038961,0.000000,0.000000,0.000000,0.012987,0.000000,0.012987,0.012987,0.000000,0.012987,0.025974,0.000000,0.025974
M_SEED_006,Shanghai,廟口·魯肉饭,0,1,0.043478,0.000000,0.043478,0.000000,0.000000,0.000000,0.028986,0.000000,0.028986,0.014493,0.000000,0.014493,0.000000,0.000000,0.000000
M_SEED_007,Shanghai,隆莱呷·台湾省滷肉饭,0,1,0.051948,0.000000,0.051948,0.000000,0.000000,0.000000,0.000000,0.000000,0.000000,0.000000,0.000000,0.000000,0.064935,0.000000,0.064935
M_SEED_008,Shanghai,捡角台湾食堂,0,1,0.058824,0.000000,0.058824,0.000000,0.000000,0.000000,0.014706,0.000000,0.014706,0.000000,0.000000,0.000000,0.014706,0.000000,0.014706
M_SEED_009,Shanghai,家里没煮,0,1,0.043956,0.000000,0.043956,0.000000,0.000000,0.000000,0.021978,0.000000,0.021978,0.000000,0.000000,0.000000,0.032967,0.000000,0.032967
