attestation_id,year,date,period,brand_or_category,city,province,corridor,source_type,source_name,source_url,attestation_type,text_for_scoring,confidence,notes,source_id,verification_level,region,original_text,dish_marker,taiwan_marker,ownership_category,capital_origin,source_url_or_archive_ref,dedupe_key,merged_from_attestation_ids,merged_row_count,novelty_score,avg_text_similarity,novelty_group_size,novelty_group_key,authority_level,authority_weight,authority_reason
SRC_R010_TW_TAINAN_ASHIA_1940_OFFICIAL,1940,2024-10-18,1940-1945_preformation,阿霞飯店,Tainan,Taiwan,Taiwan-side,official_tourism_news,Tainan Travel,https://www.twtainan.net/zh-tw/event/newsdetail/6818/,official_food_culture_feature,1940 Tainan Asha Restaurant temple-front snack stall became old Taiwanese banquet restaurant with sausage cooked meats mixed soup and red crab rice cake,high,Tainan city tourism feature gives source date and 1940 origin evidence for an old Taiwanese cuisine restaurant. Duplicate source-url and artifact-key checked against overlay 001_005 before append; one row represents one source artifact.,SRC_R010_TW_TAINAN_ASHIA_1940_OFFICIAL,verified,Taiwan-side,發佈日期 2024-10-18；阿霞飯店創始於1940年，最初是興濟宮廟前的點心攤，靠著香腸熟肉、什菜湯等建立口碑，菜色從小吃點心衍生出桌菜，再逐步發展為臺菜餐廳。,香腸熟肉;什菜湯;紅蟳米糕,臺菜;臺南;老字號,,,https://www.twtainan.net/zh-tw/event/newsdetail/6818/,084547ba0cba59b2,SRC_R010_TW_TAINAN_ASHIA_1940_OFFICIAL,1,0.9000,0.1000,1,阿霞飯店,secondary,0.7000,official or Michelin source with direct date or live source evidence
SRC_R010_TW_TAINAN_XINXIN_2024_OFFICIAL,2024,2024-10-26,2015-2025_platformization,欣欣餐廳,Tainan,Taiwan,Taiwan-side,official_tourism_news,Tainan Travel,https://www.twtainan.net/zh-tw/event/newsdetail/6837/,official_food_culture_feature,2024 Tainan official feature names Xinxin as old Taiwanese cuisine restaurant preserving banquet dishes seafood fried rice and mixed soup,high,Tainan city tourism feature has source date and direct Taiwanese cuisine markers for Xinxin Restaurant. Duplicate source-url and artifact-key checked against overlay 001_005 before append; one row represents one source artifact.,SRC_R010_TW_TAINAN_XINXIN_2024_OFFICIAL,verified,Taiwan-side,發佈日期 2024-10-26；欣欣餐廳掌勺超過六十年，創辦人阿塗師從小攤發展到餐廳，與阿霞飯店、阿美飯店並列齊名，成為臺南的老字號臺菜餐廳，從海鮮料理轉型以臺菜為主。,海鮮料理;炒飯;什菜湯,臺菜;臺南老字號,,,https://www.twtainan.net/zh-tw/event/newsdetail/6837/,d3404db2f8f2f107,SRC_R010_TW_TAINAN_XINXIN_2024_OFFICIAL,1,0.9000,0.1000,1,欣欣餐廳,secondary,0.7000,official or Michelin source with direct date or live source evidence
SRC_R010_TW_TAINAN_AMEI_2024_OFFICIAL,2024,2024-12-21,2015-2025_platformization,阿美飯店,Tainan,Taiwan,Taiwan-side,official_tourism_news,Tainan Travel,https://www.twtainan.net/zh-tw/event/newsdetail/6971/,official_food_culture_feature,2024 Tainan official feature describes Amei Restaurant old Taiwanese and banquet cuisine preserving old flavors from Central Market lineage,high,Tainan city tourism feature supplies source date and old Taiwanese banquet-cuisine evidence. Duplicate source-url and artifact-key checked against overlay 001_005 before append; one row represents one source artifact.,SRC_R010_TW_TAINAN_AMEI_2024_OFFICIAL,verified,Taiwan-side,發佈日期 2024-12-21；阿美飯店由中央市場發跡，民國70年更名為阿美飯店，蔡崇廉磨練出一手臺菜與酒家菜功夫；飯店保留古早味與臺灣民間辦桌氛圍。,臺菜;酒家菜;辦桌菜,臺南;臺灣民間辦桌;老字號,,,https://www.twtainan.net/zh-tw/event/newsdetail/6971/,f37ebd807a29fedc,SRC_R010_TW_TAINAN_AMEI_2024_OFFICIAL,1,0.9000,0.1000,1,阿美飯店,secondary,0.7000,official or Michelin source with direct date or live source evidence
SRC_R010_TW_TAINAN_MINSIN_1962_OFFICIAL,1962,2026-01-12,1946-1987_taiwan_side_formation,明新食品-總店,Tainan,Taiwan,Taiwan-side,official_tourism_profile,Tainan Travel,https://www.twtainan.net/zh-tw/shop/consume/1082/,official_shop_profile,1962 Tainan Minsin Foods official profile links Taiwanese pineapple cake shaped as Taiwan and traditional meat bun old taste,high,Official shop profile gives update date and exact 1962 founding evidence for Taiwan-side food sign. Duplicate source-url and artifact-key checked against overlay 001_005 before append; one row represents one source artifact.,SRC_R010_TW_TAINAN_MINSIN_1962_OFFICIAL,verified,Taiwan-side,更新日期 2026-01-12；明新食品創立於1962年，2010明新台灣土鳳梨酥以台灣做造型，選用關廟土鳳梨；明新古早味肉包保留傳統與傳承的意義。,台灣土鳳梨酥;古早味肉包;虱目魚Q餅,台灣;台南;關廟土鳳梨,,,https://www.twtainan.net/zh-tw/shop/consume/1082/,f817757ed190b444,SRC_R010_TW_TAINAN_MINSIN_1962_OFFICIAL,1,0.9000,0.1000,1,明新食品-總店,secondary,0.7000,official or Michelin source with direct date or live source evidence
SRC_R010_TW_TAIPEI_GOLDENFORMOSA_1954_MICHELIN,1954,2019-05-27,1946-1987_taiwan_side_formation,Golden Formosa,Taipei,Taiwan,Taiwan-side,michelin_editorial,MICHELIN Guide Taiwan,https://guide.michelin.com/tw/en/article/dining-out/golden-formosa-old-soul-new-life,professional_guide_feature,1954 Taipei Golden Formosa Michelin feature identifies Taiwanese cuisine restaurant with Taiwanese banquet cuisine and Hokkien fried rice,high,Michelin editorial has publication date and exact 1954 founding evidence for a Taiwanese cuisine restaurant. Duplicate source-url and artifact-key checked against overlay 001_005 before append; one row represents one source artifact.,SRC_R010_TW_TAIPEI_GOLDENFORMOSA_1954_MICHELIN,verified,Taiwan-side,"27 May 2019；Golden Formosa was one of two Taiwanese cuisine restaurants to receive a star in the inaugural Michelin Guide Taipei; formerly known as Formosa Restaurant, founded in 1954 in Xinbeitou; article discusses Taiwanese banquet cuisine and Hokkien fried rice.",Taiwanese banquet cuisine;Hokkien fried rice,Taiwanese cuisine;Taipei;Xinbeitou,,,https://guide.michelin.com/tw/en/article/dining-out/golden-formosa-old-soul-new-life,91866aad5e6ab729,SRC_R010_TW_TAIPEI_GOLDENFORMOSA_1954_MICHELIN,1,0.9000,0.1000,1,Golden Formosa,secondary,0.7000,official or Michelin source with direct date or live source evidence
SRC_R010_KR_SEOUL_NIUROUMIANGUAN_2026_MICHELIN,2026,2026-06-04,2015-2025_platformization,Niroumianguan,Seoul,Seoul Capital Area,Korea,michelin_restaurant_page,MICHELIN Guide Korea,https://guide.michelin.com/gb/en/seoul-capital-area/kr-seoul/restaurant/niroumianguan,professional_guide_listing,2026 Seoul Michelin listing discusses Chinese beef noodle soup as commonly known to have originated from Taiwan and not classic Taiwanese style,medium,Live Michelin restaurant page accessed successfully on 2026-06-04; page supplies Taiwan-origin discourse for beef noodle soup in Seoul. Duplicate source-url and artifact-key checked against overlay 001_005 before append; one row represents one source artifact.,SRC_R010_KR_SEOUL_NIUROUMIANGUAN_2026_MICHELIN,probable,Korea,"Niroumianguan, Seoul; Bib Gourmand; Chinese beef noodle soup is commonly known to have originated from Taiwan, but the page says this restaurant differs from classic Taiwanese style after a Shandong recipe lineage.",Chinese beef noodle soup;cilantro;chili sauce,originated from Taiwan;classic Taiwanese style,,,https://guide.michelin.com/gb/en/seoul-capital-area/kr-seoul/restaurant/niroumianguan,ccff573f4f954812,SRC_R010_KR_SEOUL_NIUROUMIANGUAN_2026_MICHELIN,1,0.9000,0.1000,1,Niroumianguan,secondary,0.7000,official or Michelin source with direct date or live source evidence
SRC_R010_KR_BUSAN_MICHELIN_2024_TAIWANESE_BIB,2024,2024-02-22,2015-2025_platformization,Niurou mian guan zi and Bao Haus,Busan,Busan,Korea,michelin_press_release_pdf,MICHELIN Guide Seoul and Busan,https://dgaddcosprod.blob.core.windows.net/corporate-production/attachments/clte81prt043o15o72is77qex-20240222-pr-michelin-guide-seoul-2024.pdf,professional_guide_awards_list,2024 Michelin Busan inaugural Bib Gourmand awards list records Niurou mian guan zi and Bao Haus as Taiwanese cuisine type,high,Michelin press release PDF is a dated primary artifact for the 2024 Seoul and Busan guide awards list; one row captures the PDF artifact rather than splitting each restaurant. Duplicate source-url and artifact-key checked against overlay 001_005 before append; one row represents one source artifact.,SRC_R010_KR_BUSAN_MICHELIN_2024_TAIWANESE_BIB,verified,Korea,"Paris, 22 February 2024; MICHELIN Guide Busan 2024 Bib Gourmand list includes Niurou mian guan zi as Taiwanese and Bao Haus as Taiwanese in Busan inaugural selection.",Niurou mian guan zi;Bao Haus,Taiwanese;Busan MICHELIN Guide,,,https://dgaddcosprod.blob.core.windows.net/corporate-production/attachments/clte81prt043o15o72is77qex-20240222-pr-michelin-guide-seoul-2024.pdf,f6dd0b5ee37f9c47,SRC_R010_KR_BUSAN_MICHELIN_2024_TAIWANESE_BIB,1,0.9000,0.1000,1,Niurou mian guan zi and Bao Haus,secondary,0.7000,official or Michelin source with direct date or live source evidence
SRC_R010B02_TW_TAINAN_ASHIA_BOOK_2022,2022,2022-08-21,2015-2025_platformization,阿霞飯店,Tainan,Taiwan,Taiwan-side,official_tourism_news,Tainan Travel,https://www.twtainan.net/zh-tw/event/newsdetail/5149/,official_book_event_feature,2022 Tainan Travel book-event article frames Asha Restaurant as classic old Taiwanese cuisine with banquet dishes and Tainan food history,high,"Tainan city tourism article gives publication date, 1940 book title, old Taiwanese cuisine framing, and named banquet cuisine context. Duplicate source-url and artifact-key checked against Round010 overlay before append; one row represents one source artifact.",SRC_R010B02_TW_TAINAN_ASHIA_BOOK_2022,verified,Taiwan-side,發佈日期 2022-08-21；阿霞飯店新書以飲食文化角度呈現老臺菜歷史，市長說臺菜涵蓋庶民小吃、辦桌菜、酒家菜，阿霞是臺南人想到臺菜就想到的經典老字號。,手路菜;辦桌菜;酒家菜,臺菜;老臺菜;臺南老字號,,,https://www.twtainan.net/zh-tw/event/newsdetail/5149/,cc8e634bfa0412f7,SRC_R010B02_TW_TAINAN_ASHIA_BOOK_2022,1,0.9000,0.1000,1,阿霞飯店,secondary,0.7000,official municipal or Michelin source with direct date or live source evidence
SRC_R010B02_TW_TAINAN_FULOU_2024,2024,2024-11-22,2015-2025_platformization,福樓餐廳,Tainan,Taiwan,Taiwan-side,official_tourism_news,Tainan Travel,https://www.twtainan.net/zh-tw/event/newsdetail/6923/,official_food_culture_feature,2024 Tainan Travel feature records Fulou as Tainan restaurant serving Taiwanese seafood barbecue banquet dishes and local rice-cake dishes,high,"Tainan city tourism feature has source date, 1992 origin evidence, Taiwanese cuisine markers, and named dishes. Duplicate source-url and artifact-key checked against Round010 overlay before append; one row represents one source artifact.",SRC_R010B02_TW_TAINAN_FULOU_2024,verified,Taiwan-side,發佈日期 2024-11-22；1992年於夏林路起家的福樓餐廳，主打臺菜海鮮與燒烤，經典臺菜、時令海鮮、燒烤與宴席料理俱全，文章列蝦捲、麻油雞米糕與西瓜綿鮮魚湯。,蝦捲;麻油雞米糕;西瓜綿鮮魚湯,臺菜;臺南;臺灣在地糯米,,,https://www.twtainan.net/zh-tw/event/newsdetail/6923/,7e8ad51645771aa1,SRC_R010B02_TW_TAINAN_FULOU_2024,1,0.9000,0.1000,1,福樓餐廳,secondary,0.7000,official municipal or Michelin source with direct date or live source evidence
SRC_R010B02_TW_TAINAN_SHIJIA_2024_16,2024,2024-08-16,2015-2025_platformization,歸仁施家班餐飲宴席,Tainan,Taiwan,Taiwan-side,official_tourism_news,Tainan Travel,https://www.twtainan.net/zh-tw/event/newsdetail/6681/,official_banquet_culture_feature,2024 Tainan Travel article documents Guiren Shijia Ban banquet service with Taiwanese banquet dishes fish-fin soup red-crab rice cake and Fotiaoqiang,high,Tainan city tourism article gives date and direct Taiwanese banquet dish evidence. Duplicate source-url and artifact-key checked against Round010 overlay before append; one row represents one source artifact.,SRC_R010B02_TW_TAINAN_SHIJIA_2024_16,verified,Taiwan-side,發佈日期 2024-08-16；歸仁施家班餐飲宴席傳承五代，報導說臺灣人婚喪喜慶常見臺式魚翅羹、南靖雞與佛跳牆，也說臺南辦宴常見冷盤、魚翅羹、紅蟳米糕。,臺式魚翅羹;南靖雞;紅蟳米糕;佛跳牆,臺灣人;臺南辦桌;臺式,,,https://www.twtainan.net/zh-tw/event/newsdetail/6681/,f08f9c239f0b16de,SRC_R010B02_TW_TAINAN_SHIJIA_2024_16,1,0.9000,0.1000,1,歸仁施家班餐飲宴席,secondary,0.7000,official municipal or Michelin source with direct date or live source evidence
SRC_R010B02_TW_TAINAN_XIQING_2024_22,2024,2024-09-14,2015-2025_platformization,喜慶宴席料理,Tainan,Taiwan,Taiwan-side,official_tourism_news,Tainan Travel,https://www.twtainan.net/zh-tw/event/newsdetail/6740/,official_banquet_culture_feature,2024 Tainan Travel article records Xiqing banquet cuisine carrying Taiwanese banquet flavors through seal pork eight-treasure balls and fish-fin soup,high,Tainan city tourism article has date and direct Taiwanese banquet-culture framing. Duplicate source-url and artifact-key checked against Round010 overlay before append; one row represents one source artifact.,SRC_R010B02_TW_TAINAN_XIQING_2024_22,verified,Taiwan-side,發佈日期 2024-09-14；喜慶宴席料理推出臺菜宴席，文章列封肉、八寶丸、魚翅羹為傳統宴席古早味，並說臺式辦桌是臺灣飲食文化精髓。,封肉;八寶丸;魚翅羹;筍乾封肉,臺菜宴席;臺式辦桌;臺灣飲食文化,,,https://www.twtainan.net/zh-tw/event/newsdetail/6740/,fefc5d1f3ed4fed4,SRC_R010B02_TW_TAINAN_XIQING_2024_22,1,0.9000,0.1000,1,喜慶宴席料理,secondary,0.7000,official municipal or Michelin source with direct date or live source evidence
SRC_R010B02_TW_TAINAN_NANJI_2024_18,2024,2024-08-30,2015-2025_platformization,南吉外燴宴席,Tainan,Taiwan,Taiwan-side,official_tourism_news,Tainan Travel,https://www.twtainan.net/zh-tw/event/newsdetail/6710/,official_banquet_culture_feature,2024 Tainan Travel article documents Nanji catering from Tainan Sakari-ba lineage with Taiwanese stir-fry banquet and religious-festival catering,high,Tainan city tourism article gives publication date and direct Taiwanese banquet-cuisine terms. Duplicate source-url and artifact-key checked against Round010 overlay before append; one row represents one source artifact.,SRC_R010B02_TW_TAINAN_NANJI_2024_18,verified,Taiwan-side,發佈日期 2024-08-30；南吉外燴宴席最初從沙卡里巴點心店起家，第二代學習酒家菜，無論臺式熱炒或酒家菜樣樣精通，後來專營婚喪喜慶、廟會與尾牙桌菜。,臺式熱炒;酒家菜;桌菜,臺式;臺南;辦桌,,,https://www.twtainan.net/zh-tw/event/newsdetail/6710/,2dbbdce74e8949fd,SRC_R010B02_TW_TAINAN_NANJI_2024_18,1,0.9000,0.1000,1,南吉外燴宴席,secondary,0.7000,official municipal or Michelin source with direct date or live source evidence
SRC_R010B02_TW_TAINAN_BAJIATIAN_2024,2024,2024-09-28,2015-2025_platformization,八甲田外燴餐飲,Tainan,Taiwan,Taiwan-side,official_tourism_news,Tainan Travel,https://twtainan.net/zh-tw/event/newsdetail/6772/,official_banquet_culture_feature,2024 Tainan Travel article records Bajiatian catering preserving traditional banquet dishes while mixing Taiwanese Japanese and Western elements,high,"Tainan city tourism article has date, generational evidence, and Taiwanese banquet-cuisine markers. Duplicate source-url and artifact-key checked against Round010 overlay before append; one row represents one source artifact.",SRC_R010B02_TW_TAINAN_BAJIATIAN_2024,verified,Taiwan-side,發佈日期 2024-09-28；八甲田外燴餐飲從事辦桌三代，保留傳統辦桌並規劃菜品創新，文章說八甲田從傳統路線辦桌到融合臺式、日式與西式飲食元素。,米糕;紅蟳米糕;稻草西施牛,臺式;傳統辦桌;臺南,,,https://twtainan.net/zh-tw/event/newsdetail/6772/,3781e2489f4ddcc1,SRC_R010B02_TW_TAINAN_BAJIATIAN_2024,1,0.9000,0.1000,1,八甲田外燴餐飲,secondary,0.7000,official municipal or Michelin source with direct date or live source evidence
SRC_R010B02_TW_TAINAN_NANJI_2024_05,2024,2024-04-24,2015-2025_platformization,南吉外燴宴席,Tainan,Taiwan,Taiwan-side,official_tourism_news,Tainan Travel,https://www.twtainan.net/zh-tw/event/newsdetail/6451/,official_banquet_culture_feature,2024 Tainan Travel article links Nanji catering to Tainan temple-festival banquet practice and handmade banquet dishes,medium,Separate Tainan city tourism artifact from the later Nanji feature; source date and temple-banquet context are explicit. Duplicate source-url and artifact-key checked against Round010 overlay before append; one row represents one source artifact.,SRC_R010B02_TW_TAINAN_NANJI_2024_05,probable,Taiwan-side,發佈日期 2024-04-24；臺南廟會祭典帶動外燴師傅一展身手，南吉外燴宴席第三代承襲家學辦桌手路，報導邀請民眾品嘗辦桌師傅手藝。,辦桌手路;外燴宴席;廟會宴席,臺南;辦桌;臺南400,,,https://www.twtainan.net/zh-tw/event/newsdetail/6451/,7edb2272f50b6032,SRC_R010B02_TW_TAINAN_NANJI_2024_05,1,0.9000,0.1000,1,南吉外燴宴席,secondary,0.7000,official municipal or Michelin source with direct date or live source evidence
SRC_R010B02_TW_TAINAN_AMEI_2024_12,2024,2024-12-27,2015-2025_platformization,阿美飯店,Tainan,Taiwan,Taiwan-side,official_tourism_news,Tainan Travel,https://www.twtainan.net/zh-tw/event/newsdetail/6982/,official_food_culture_feature,2024 Tainan Travel feature identifies Amei Restaurant as old Taiwanese cuisine and wine-house cuisine specialist with signature casserole duck and crab dishes,high,"Tainan city tourism feature has source date, Taiwanese cuisine markers, and named signature dishes. Duplicate source-url and artifact-key checked against Round010 overlay before append; one row represents one source artifact.",SRC_R010B02_TW_TAINAN_AMEI_2024_12,verified,Taiwan-side,發佈日期 2024-12-27；阿美飯店以古早味臺菜與經典酒家菜聞名，招牌菜有砂鍋鴨、雞仔豬肚鱉、肉米蝦、白菜蟳，報導說上一代深諳酒家菜與臺灣料理。,砂鍋鴨;雞仔豬肚鱉;肉米蝦;白菜蟳,古早味臺菜;臺灣料理;臺南,,,https://www.twtainan.net/zh-tw/event/newsdetail/6982/,0d6441a1622a1465,SRC_R010B02_TW_TAINAN_AMEI_2024_12,1,0.9000,0.1000,1,阿美飯店,secondary,0.7000,official municipal or Michelin source with direct date or live source evidence
SRC_R010B02_TW_TAINAN_ZHUXINJU_2024,2024,2024-11-08,2015-2025_platformization,筑馨居,Tainan,Taiwan,Taiwan-side,official_tourism_news,Tainan Travel,https://www.twtainan.net/zh-tw/event/newsdetail/6893/,official_food_culture_feature,2024 Tainan Travel feature records Zhuxinju as Taiwanese banquet no-menu cuisine in old Tainan houses,high,Tainan city tourism feature has publication date and direct Taiwanese banquet-cuisine framing. Duplicate source-url and artifact-key checked against Round010 overlay before append; one row represents one source artifact.,SRC_R010B02_TW_TAINAN_ZHUXINJU_2024,verified,Taiwan-side,發佈日期 2024-11-08；筑馨居在百年古厝中供應只講味道不強調服務的臺菜辦桌料理，文章稱用餐者品嘗純粹美味與在地底蘊。,無菜單料理;辦桌料理;臺菜料理,臺菜;臺南;在地底蘊,,,https://www.twtainan.net/zh-tw/event/newsdetail/6893/,fd8ca225de953aeb,SRC_R010B02_TW_TAINAN_ZHUXINJU_2024,1,0.9000,0.1000,1,筑馨居,secondary,0.7000,official municipal or Michelin source with direct date or live source evidence
SRC_R010B02_TW_TAINAN_FUCHENGSHIFU_2024,2024,2024-12-13,2015-2025_platformization,府城食府,Tainan,Taiwan,Taiwan-side,official_tourism_news,Tainan Travel,https://www.twtainan.net/zh-tw/event/newsdetail/6959/,official_food_culture_feature,2024 Tainan Travel feature records Fucheng Shifu preserving classic Taiwanese and wine-house dishes plus Tainan snack forms,high,Tainan city tourism feature has date and dense dish markers. Duplicate source-url and artifact-key checked against Round010 overlay before append; one row represents one source artifact.,SRC_R010B02_TW_TAINAN_FUCHENGSHIFU_2024,verified,Taiwan-side,發佈日期 2024-12-13；府城食府保留經典臺菜與早期酒家菜，如八寶丸、魚翅羹、南靖雞、魷魚螺肉蒜、烏雞豬肚鱉、鮸魚米粉，也結合虱目魚粥、蚵仔麵線、蝦捲等小吃。,八寶丸;魚翅羹;魷魚螺肉蒜;虱目魚粥;蝦捲,經典臺菜;臺南正宗料理;酒家菜,,,https://www.twtainan.net/zh-tw/event/newsdetail/6959/,fe40547cbaf66f20,SRC_R010B02_TW_TAINAN_FUCHENGSHIFU_2024,1,0.9000,0.1000,1,府城食府,secondary,0.7000,official municipal or Michelin source with direct date or live source evidence
SRC_R010B02_TW_TAINAN_BAOWEIZHEN_2024,2024,2024-10-11,2015-2025_platformization,寶味珍宴席,Tainan,Taiwan,Taiwan-side,official_tourism_news,Tainan Travel,https://www.twtainan.net/zh-tw/event/newsdetail/6804/,official_banquet_culture_feature,2024 Tainan Travel article records Baoweizhen banquet lineage and local Tainan banquet innovation with banana rice-cake roll and chrysanthemum scallop,high,Tainan city tourism article gives date and named banquet dishes. Duplicate source-url and artifact-key checked against Round010 overlay before append; one row represents one source artifact.,SRC_R010B02_TW_TAINAN_BAOWEIZHEN_2024,verified,Taiwan-side,發佈日期 2024-10-11；盧正治接手寶味珍宴席，專精地方風味料理，報導列菊花干貝與家傳香蕉米糕捲，並說其結合在地鳳梨、秈米、竹筍與釋迦等創意料理。,菊花干貝;香蕉米糕捲;鳳梨竹筍宴,臺南;辦桌菜;地方風土宴,,,https://www.twtainan.net/zh-tw/event/newsdetail/6804/,892b9c55e876ec28,SRC_R010B02_TW_TAINAN_BAOWEIZHEN_2024,1,0.9000,0.1000,1,寶味珍宴席,secondary,0.7000,official municipal or Michelin source with direct date or live source evidence
SRC_R010B02_TW_TAINAN_SHIJIA_2024_02,2024,2024-03-29,2015-2025_platformization,施家班餐飲宴席,Tainan,Taiwan,Taiwan-side,official_tourism_news,Tainan Travel,https://www.twtainan.net/zh-tw/event/newsdetail/6411/,official_banquet_culture_feature,2024 Tainan Travel article documents five-generation Shijia Ban catering lineage and Tainan banquet modernization,high,"Tainan city tourism article has source date, generational evidence, and banquet-cuisine framing. Duplicate source-url and artifact-key checked against Round010 overlay before append; one row represents one source artifact.",SRC_R010B02_TW_TAINAN_SHIJIA_2024_02,verified,Taiwan-side,發佈日期 2024-03-29；施家班餐飲宴席自第一代起已五代、上百年歷史，2015年拓展至玄饌宴會館，報導說其以經典手路菜、戶外辦桌與喜宴市場延續味道。,經典手路菜;喜宴;辦桌,臺南;辦桌師傅;臺南400,,,https://www.twtainan.net/zh-tw/event/newsdetail/6411/,4ce5f778fe5591e7,SRC_R010B02_TW_TAINAN_SHIJIA_2024_02,1,0.9000,0.1000,1,施家班餐飲宴席,secondary,0.7000,official municipal or Michelin source with direct date or live source evidence
SRC_R010B02_TW_TAINAN_LIWAN_2024,2024,2024-08-23,2015-2025_platformization,李萬辦桌宴席,Tainan,Taiwan,Taiwan-side,official_tourism_news,Tainan Travel,https://www.twtainan.net/zh-tw/event/newsdetail/6696/,official_banquet_culture_feature,2024 Tainan Travel article records Li Wan banquet cooking as Taiwanese food culture with symbolic pork-leg and fried-vinegar-shrimp dishes,high,Tainan city tourism article has publication date and direct Taiwanese food-culture framing. Duplicate source-url and artifact-key checked against Round010 overlay before append; one row represents one source artifact.,SRC_R010B02_TW_TAINAN_LIWAN_2024,verified,Taiwan-side,發佈日期 2024-08-23；阿萬師李萬從事餐飲超過五十年，報導說吃進嘴裡的不僅是盛宴，更是臺灣數百年的飲食文化，並列豬腳、封肉與南靖封雞等宴席菜。,豬腳;封肉;南靖封雞;炸醋蝦,臺灣飲食文化;臺南辦桌;宴席,,,https://www.twtainan.net/zh-tw/event/newsdetail/6696/,575712da5e633e79,SRC_R010B02_TW_TAINAN_LIWAN_2024,1,0.9000,0.1000,1,李萬辦桌宴席,secondary,0.7000,official municipal or Michelin source with direct date or live source evidence
SRC_R010B02_TW_TAINAN_XIQING_2024_08,2024,2024-05-24,2015-2025_platformization,喜慶宴席料理,Tainan,Taiwan,Taiwan-side,official_tourism_news,Tainan Travel,https://www.twtainan.net/zh-tw/event/newsdetail/6499/,official_banquet_culture_feature,2024 Tainan Travel article documents Xiqing banquet founder from Guiren catering family and Tainan banquet lineage,medium,Separate Tainan city tourism artifact from the later Xiqing feature; source date and banquet lineage evidence are explicit. Duplicate source-url and artifact-key checked against Round010 overlay before append; one row represents one source artifact.,SRC_R010B02_TW_TAINAN_XIQING_2024_08,probable,Taiwan-side,發佈日期 2024-05-24；喜慶宴席料理創辦人施宗泰出身歸仁辦桌世家，自祖父從事飲食業起歷經多代，報導介紹臺南辦桌師傅並邀請民眾品味在地師傅廚藝。,喜慶宴席;辦桌;手路菜,臺南;辦桌師傅;總鋪師故鄉,,,https://www.twtainan.net/zh-tw/event/newsdetail/6499/,d6954e84350bbf1d,SRC_R010B02_TW_TAINAN_XIQING_2024_08,1,0.9000,0.1000,1,喜慶宴席料理,secondary,0.7000,official municipal or Michelin source with direct date or live source evidence
SRC_R010B02_TW_TAINAN_CHENJINMING_2024,2024,2024-08-03,2015-2025_platformization,147食堂陳進明,Tainan,Taiwan,Taiwan-side,official_tourism_news,Tainan Travel,https://www.twtainan.net/zh-tw/event/newsdetail/6621/,official_banquet_culture_feature,2024 Tainan Travel article records Yanshui banquet chef Chen Jinming using local seasonal ingredients and complex banquet dishes,high,Tainan city tourism article has source date and direct local/Taiwanese banquet-cuisine evidence. Duplicate source-url and artifact-key checked against Round010 overlay before append; one row represents one source artifact.,SRC_R010B02_TW_TAINAN_CHENJINMING_2024,verified,Taiwan-side,發佈日期 2024-08-03；鹽水是臺灣舊時第四大城，意麵、豆簽羹、豬頭飯等小吃孕育辦桌師傅陳進明，他以本土時令食材結合做工繁複的手路菜辦宴。,意麵;豆簽羹;豬頭飯;手路菜,臺灣舊時;臺南;本土時令食材,,,https://www.twtainan.net/zh-tw/event/newsdetail/6621/,2375a1253826ebdc,SRC_R010B02_TW_TAINAN_CHENJINMING_2024,1,0.9000,0.1000,1,147食堂陳進明,secondary,0.7000,official municipal or Michelin source with direct date or live source evidence
SRC_R010B02_TW_TAINAN_DONGXIANG_2024,2024,2024-06-28,2015-2025_platformization,東香臺菜海味料理,Tainan,Taiwan,Taiwan-side,official_tourism_news,Tainan Travel,https://www.twtainan.net/zh-tw/event/newsdetail/6553/,official_food_culture_feature,2024 Tainan Travel article identifies Dongxiang as Taiwanese seafood cuisine and first Michelin Bib Taiwanese banquet chef case,high,"Tainan city tourism article has publication date, Michelin context, Taiwanese cuisine name, and chef/banquet evidence. Duplicate source-url and artifact-key checked against Round010 overlay before append; one row represents one source artifact.",SRC_R010B02_TW_TAINAN_DONGXIANG_2024,verified,Taiwan-side,發佈日期 2024-06-28；東香臺菜海味料理入選米其林必比登推介，蔡瑞成以在地食材、綠色辦桌形成特色，報導稱他是第一位獲得米其林必比登推介的臺灣辦桌師傅。,臺菜海味料理;辦桌;健康桌菜,臺菜;臺灣辦桌師傅;臺南,,,https://www.twtainan.net/zh-tw/event/newsdetail/6553/,ee49a9ed8190bfbc,SRC_R010B02_TW_TAINAN_DONGXIANG_2024,1,0.9000,0.1000,1,東香臺菜海味料理,secondary,0.7000,official municipal or Michelin source with direct date or live source evidence
SRC_R010B02_TW_TAINAN_CHEFS_HANDBOOK_2024,2024,2024-12-30,2015-2025_platformization,臺南美食名廚手冊,Tainan,Taiwan,Taiwan-side,official_tourism_news,Tainan Travel,https://www.twtainan.net/zh-tw/event/newsdetail/6988/,official_food_culture_handbook_news,2024 Tainan Travel article records official chefs handbook collecting 22 Tainan banquet and Taiwanese cuisine chefs and signature dishes,high,Tainan city tourism handbook news has date and source-artifact evidence for a named curated set of Taiwanese-cuisine chefs. Duplicate source-url and artifact-key checked against Round010 overlay before append; one row represents one source artifact.,SRC_R010B02_TW_TAINAN_CHEFS_HANDBOOK_2024,verified,Taiwan-side,發佈日期 2024-12-30；臺南美食名廚手冊匯集22位臺南名廚，包括東香臺菜海味料理、阿霞飯店、欣欣餐廳、筑馨居、福樓餐廳、阿美飯店等，報導說招牌料理有古味技藝傳承與多元技法創新。,臺菜海味料理;招牌料理;辦桌,臺南名廚;臺菜;臺南400,,,https://www.twtainan.net/zh-tw/event/newsdetail/6988/,240d7aaffc76c800,SRC_R010B02_TW_TAINAN_CHEFS_HANDBOOK_2024,1,0.9000,0.1000,1,臺南美食名廚手冊,secondary,0.7000,official municipal or Michelin source with direct date or live source evidence
SRC_R010B02_TW_TAINAN_ZONGPUSHI_2025,2025,2025-08-30,2015-2025_platformization,臺南總舖師四季辦桌夏季場,Tainan,Taiwan,Taiwan-side,official_tourism_news,Tainan Travel,https://www.twtainan.net/zh-tw/event/newsdetail/7396/,official_banquet_event_news,2025 Tainan Travel event report records seasonal banquet with Dongxiang Taiwanese cuisine and traditional Tainan banquet dishes,high,Tainan city tourism event report has source date and named Taiwanese banquet dishes and chefs. Duplicate source-url and artifact-key checked against Round010 overlay before append; one row represents one source artifact.,SRC_R010B02_TW_TAINAN_ZONGPUSHI_2025,verified,Taiwan-side,發佈日期 2025-08-30；2025臺南總舖師四季辦桌夏季場由東香台菜大頭師與筑馨居勇伯推出十道手路菜，菜單延續古早辦桌文化並選用虱目魚、白蝦、西瓜綿、菱角、蓮子與臺灣鯛等在地食材。,手路菜;虱目魚;西瓜綿;臺灣鯛,東香台菜;臺南辦桌文化;臺灣味,,,https://www.twtainan.net/zh-tw/event/newsdetail/7396/,36f5304ed6ec2f2c,SRC_R010B02_TW_TAINAN_ZONGPUSHI_2025,1,0.9000,0.1000,1,臺南總舖師四季辦桌夏季場,secondary,0.7000,official municipal or Michelin source with direct date or live source evidence
SRC_R010B02_TW_TAINAN_CHANGYUAN_2024,2024,2024-07-01,2015-2025_platformization,長園新鮮CHILL塩麴美食節,Tainan,Taiwan,Taiwan-side,official_tourism_news,Tainan Travel,https://www.twtainan.net/zh-tw/event/newsdetail/6555/,official_food_event_news,2024 Tainan Travel event report records old Tainan hotel using hand-road cuisine techniques for salt-koji dishes,medium,Tainan city tourism event report has date and hand-road cuisine markers; accepted as lower-weight official event artifact. Duplicate source-url and artifact-key checked against Round010 overlay before append; one row represents one source artifact.,SRC_R010B02_TW_TAINAN_CHANGYUAN_2024,probable,Taiwan-side,發佈日期 2024-07-01；台糖長榮酒店與臺鹽公司推出塩麴美食節，選用塩麴微調料，以手路菜繁複料理技法開發精緻菜餚，並有傳統台菜代表塩麴燒扣肉。,手路菜;塩麴燒扣肉;塩麴海鮮炒飯,台南;傳統台菜;臺鹽,,,https://www.twtainan.net/zh-tw/event/newsdetail/6555/,c8c290be1d0ca66a,SRC_R010B02_TW_TAINAN_CHANGYUAN_2024,1,0.9000,0.1000,1,長園新鮮CHILL塩麴美食節,secondary,0.7000,official municipal or Michelin source with direct date or live source evidence
SRC_R010B02_TW_TAINAN_AHUI_EEL_2022,2022,2022-12-05,2015-2025_platformization,阿輝炒鱔魚,Tainan,Taiwan,Taiwan-side,official_tourism_profile,Tainan Travel,https://www.twtainan.net/zh-tw/shop/consume/1060/,official_shop_profile,2022 Tainan Travel shop profile identifies Ahui fried eel noodles as famous southern Taiwan snack with Tainan old-market lineage,high,"Tainan city tourism profile has updated date, address, dish marker, and southern Taiwan snack framing. Duplicate source-url and artifact-key checked against Round010 overlay before append; one row represents one source artifact.",SRC_R010B02_TW_TAINAN_AHUI_EEL_2022,verified,Taiwan-side,更新日期 2022-12-05；阿輝炒鱔魚傳承父親喜宴辦桌功力，老店位在延平市場，鱔魚是台灣南部知名小吃，招牌鱔魚意麵用油炸意麵、蒜頭、高麗菜與洋蔥大火炒製。,鱔魚意麵;炒鱔魚;油炸意麵,台灣南部小吃;台南;延平市場,,,https://www.twtainan.net/zh-tw/shop/consume/1060/,1eec2fff65f983d9,SRC_R010B02_TW_TAINAN_AHUI_EEL_2022,1,0.9000,0.1000,1,阿輝炒鱔魚,secondary,0.7000,official municipal or Michelin source with direct date or live source evidence
SRC_R010B02_TW_KHH_STREET_SNACKS_2023,2023,2023-07-18,2015-2025_platformization,高雄料理職人口袋美食街頭小吃名單,Kaohsiung,Taiwan,Taiwan-side,official_tourism_news,Kaohsiung Travel,https://khh.travel/zh-tw/event/news/5230/,official_food_list_news,2023 Kaohsiung Travel official street-snack list records rice cakes pork rice eel noodles and milkfish soup as local street foods,high,Kaohsiung city tourism article has date and official list of 108 street snacks with named Taiwanese local dishes. Duplicate source-url and artifact-key checked against Round010 overlay before append; one row represents one source artifact.,SRC_R010B02_TW_KHH_STREET_SNACKS_2023,verified,Taiwan-side,更新日期 2023-07-18；高雄料理職人口袋美食第三波街頭小吃名單，列小暫渡米糕四神湯、菜粽李粽店、輝哥鱔魚花枝麵、老店柏弘肉燥、北港蔡三代筒仔米糕、大溝頂虱目魚米粉湯等。,米糕;肉燥飯;鱔魚花枝麵;虱目魚米粉湯,高雄;街頭小吃;台灣小吃,,,https://khh.travel/zh-tw/event/news/5230/,968ca3cb09b06cc1,SRC_R010B02_TW_KHH_STREET_SNACKS_2023,1,0.9000,0.1000,1,高雄料理職人口袋美食街頭小吃名單,secondary,0.7000,official municipal or Michelin source with direct date or live source evidence
SRC_R010B02_TW_KHH_MICHELIN_2022,2022,2022-08-23,2015-2025_platformization,高雄2022米其林必比登名單,Kaohsiung,Taiwan,Taiwan-side,official_tourism_news,Kaohsiung Travel,https://khh.travel/zh-tw/event/news/4654/,official_michelin_list_news,2022 Kaohsiung Travel official Michelin Bib report records nine Taiwanese-cuisine restaurants and local small-eat shops,high,Kaohsiung city tourism article has date and official Michelin/Bib list with Taiwanese cuisine category. Duplicate source-url and artifact-key checked against Round010 overlay before append; one row represents one source artifact.,SRC_R010B02_TW_KHH_MICHELIN_2022,verified,Taiwan-side,更新日期 2022-08-23；2022米其林必比登推介高雄20間上榜，臺灣菜有牛老大涮牛肉、柏弘肉燥、湖東牛肉、舊市羊肉、老新台菜等9家，小吃包含北港蔡三代筒仔米糕、菜粽李、橋仔頭黃家肉燥飯等。,涮牛肉;肉燥飯;筒仔米糕;菜粽,臺灣菜;高雄;米其林必比登,,,https://khh.travel/zh-tw/event/news/4654/,0cc3d89fc2c55f39,SRC_R010B02_TW_KHH_MICHELIN_2022,1,0.9000,0.1000,1,高雄2022米其林必比登名單,secondary,0.7000,official municipal or Michelin source with direct date or live source evidence
SRC_R010B02_TW_KHH_LOCAL_CHINESE_2023,2023,2023-01-06,2015-2025_platformization,高雄料理職人口袋美食中菜在地菜名單,Kaohsiung,Taiwan,Taiwan-side,official_tourism_news,Kaohsiung Travel,https://khh.travel/zh-tw/event/news/5207/,official_food_list_news,2023 Kaohsiung Travel official local-cuisine list records old-shop Taiwanese cuisine and local home-style dishes,high,Kaohsiung city tourism article has date and Taiwanese-cuisine category entries. Duplicate source-url and artifact-key checked against Round010 overlay before append; one row represents one source artifact.,SRC_R010B02_TW_KHH_LOCAL_CHINESE_2023,verified,Taiwan-side,更新日期 2023-01-06；高雄料理職人口袋美食首波中菜、在地菜名單，入選者含老店台菜新風尚老新台菜、賣塩順台菜正宗台菜、鄧師傅功夫菜、五福台菜海產鵝肉等。,台菜;海產;鵝肉;功夫菜,高雄;台菜;在地菜,,,https://khh.travel/zh-tw/event/news/5207/,ef7acbef1b4ed661,SRC_R010B02_TW_KHH_LOCAL_CHINESE_2023,1,0.9000,0.1000,1,高雄料理職人口袋美食中菜在地菜名單,secondary,0.7000,official municipal or Michelin source with direct date or live source evidence
SRC_R010B02_TW_KHH_MICHELIN_2023,2023,2023-08-24,2015-2025_platformization,高雄2023米其林必比登新增名單,Kaohsiung,Taiwan,Taiwan-side,official_tourism_news,Kaohsiung Travel,https://khh.travel/zh-tw/event/news/5275/,official_michelin_list_news,2023 Kaohsiung Travel official Michelin Bib report records new Kaohsiung rice-cake and sesame-oil rice dishes,high,"Kaohsiung city tourism article has source date, Michelin context, and named local dishes. Duplicate source-url and artifact-key checked against Round010 overlay before append; one row represents one source artifact.",SRC_R010B02_TW_KHH_MICHELIN_2023,verified,Taiwan-side,更新日期 2023-08-24；高雄2023米其林必比登新增9間，報導說北港蔡三代筒仔米糕以陶瓦筒蒸煮，配肉燥醬汁、肉鬆與醬黃瓜，米院子油飯以麻油和老薑製成招牌鴨肉油飯。,筒仔米糕;肉燥醬汁;鴨肉油飯,高雄;米其林必比登;台灣小吃,,,https://khh.travel/zh-tw/event/news/5275/,c29134a516288bb7,SRC_R010B02_TW_KHH_MICHELIN_2023,1,0.9000,0.1000,1,高雄2023米其林必比登新增名單,secondary,0.7000,official municipal or Michelin source with direct date or live source evidence
SRC_R010B02_TW_KHH_YANCHENG_2022,2022,2022-10-11,2015-2025_platformization,高雄鹽埕巷仔內美食,Kaohsiung,Taiwan,Taiwan-side,official_tourism_news,Kaohsiung Travel,https://khh.travel/zh-tw/event/news/5094/,official_food_culture_feature,2022 Kaohsiung Travel Yancheng feature records classic old shops later recognized by Michelin Bib Gourmand,high,"Kaohsiung city tourism article has date, town/corridor evidence, and named old-shop dishes. Duplicate source-url and artifact-key checked against Round010 overlay before append; one row represents one source artifact.",SRC_R010B02_TW_KHH_YANCHENG_2022,verified,Taiwan-side,更新日期 2022-10-11；高雄鹽埕區獲選台灣經典小鎮，報導說鹽埕在地美食包括北港蔡三代筒仔米糕、鄭家切仔麵、鴨肉珍等米其林必比登推介老店。,筒仔米糕;切仔麵;鴨肉飯,台灣經典小鎮;高雄鹽埕;在地美食,,,https://khh.travel/zh-tw/event/news/5094/,fd0d8157bff14e4a,SRC_R010B02_TW_KHH_YANCHENG_2022,1,0.9000,0.1000,1,高雄鹽埕巷仔內美食,secondary,0.7000,official municipal or Michelin source with direct date or live source evidence
SRC_R010B02_KR_BUSAN_BAOHAUS_2026_MICHELIN,2026,2026-06-04,2015-2025_platformization,Bao Haus,Busan,Busan,Korea,michelin_restaurant_page,MICHELIN Guide Korea,https://guide.michelin.com/gb/en/busan-region/busan_1025838/restaurant/bao-haus,professional_guide_listing,2026 Michelin Busan listing classifies Bao Haus as Taiwanese and describes bao lu rou fan mapo tofu and yu xiang eggplant,high,Michelin restaurant page was discoverable with current listing content and accessed for this run; date is access date. Duplicate source-url and artifact-key checked against Round010 overlay before append; one row represents one source artifact.,SRC_R010B02_KR_BUSAN_BAOHAUS_2026_MICHELIN,verified,Korea,"Accessed 2026-06-04; MICHELIN Guide listing for Bao Haus in Busan classifies it as Taiwanese and describes Taiwanese-inspired cooking centered on steamed bao, lu rou fan, mapo tofu and crispy yu-xiang eggplant.",steamed bao;lu rou fan;mapo tofu;yu-xiang eggplant,Taiwanese;Taiwanese-inspired cooking;Busan,,,https://guide.michelin.com/gb/en/busan-region/busan_1025838/restaurant/bao-haus,8007c82c56a0fb31,SRC_R010B02_KR_BUSAN_BAOHAUS_2026_MICHELIN,1,0.9000,0.1000,1,Bao Haus,secondary,0.7000,official municipal or Michelin source with direct date or live source evidence
SRC_R010B02_KR_BUSAN_NIUROU_2026_MICHELIN,2026,2026-06-04,2015-2025_platformization,Niurou mian guan zi,Busan,Busan,Korea,michelin_restaurant_page,MICHELIN Guide Korea,https://guide.michelin.com/us/en/busan-region/busan_1025838/restaurant/niurou-mian-guan-zi,professional_guide_listing,2026 Michelin Busan listing classifies Niurou mian guan zi as Taiwanese with hongshao beef noodles pork chops and Taiwanese beer,high,Michelin restaurant page was discoverable with current listing content and accessed for this run; date is access date. Duplicate source-url and artifact-key checked against Round010 overlay before append; one row represents one source artifact.,SRC_R010B02_KR_BUSAN_NIUROU_2026_MICHELIN,verified,Korea,"Accessed 2026-06-04; MICHELIN Guide listing for Niurou mian guan zi in Busan classifies it as Taiwanese and describes Hongshao Beef Noodles, crispy Taiwanese-style fried pork chops, hongyou chaoshou and Taiwanese beer.",Hongshao Beef Noodles;Taiwanese-style fried pork chops;hongyou chaoshou,Taiwanese;Taiwanese beer;Busan,,,https://guide.michelin.com/us/en/busan-region/busan_1025838/restaurant/niurou-mian-guan-zi,00c4b81e20ed64f7,SRC_R010B02_KR_BUSAN_NIUROU_2026_MICHELIN,1,0.9000,0.1000,1,Niurou mian guan zi,secondary,0.7000,official municipal or Michelin source with direct date or live source evidence
